id,console-name,product-name,loose-price,cib-price,new-price,graded-price,box-only-price,manual-only-price,bgs-10-price,condition-17-price,condition-18-price,gamestop-price,gamestop-trade-price,retail-loose-buy,retail-loose-sell,retail-cib-buy,retail-cib-sell,retail-new-buy,retail-new-sell,upc,sales-volume,genre,tcg-id,asin,epid,release-date
6588314,Baseball Cards 2014 Bowman Chrome,2014 Bowman Chrome Draft Pick Autographs #BCA-MCH,,,,$29.00,$52.58,,,,,,,,,,,,,,2,,,,,
6782217,Baseball Cards 2014 Bowman Chrome,Aaron Harang #218,$1.69,,,,,,,,,,,,$1.89,,,,,,4,,,,,
2144369,Baseball Cards 2014 Bowman Chrome,Adam Jones [Black Static Refractor] #71,$32.28,,,,,,,,,,,$14.40,$35.99,,,,,,1,,,,,2014-06-01
2144370,Baseball Cards 2014 Bowman Chrome,Adam Jones [Orange Refractor] #71,$5.63,,$9.62,$49.99,$55.00,$60.00,$78.00,$36.00,$36.00,,,$1.20,$6.19,,,$2.80,$10.99,,8,,,,,2014-06-01
2144312,Baseball Cards 2014 Bowman Chrome,Adam Wainwright #42,$0.99,,,,,$25.06,$33.00,$15.00,$15.00,,,,$1.09,,,,,,2,,,,,2014-06-01
2144313,Baseball Cards 2014 Bowman Chrome,Adam Wainwright [Orange Refractor] #42,$17.50,,,,,,,,,,,$4.80,$18.99,,,,,,3,,,,,2014-06-01
3114790,Baseball Cards 2014 Bowman Chrome,Adam Wainwright [Purple Refractor] #42,$5.73,,,,,,,,,,,$1.30,$6.29,,,,,,7,,,,,
2144430,Baseball Cards 2014 Bowman Chrome,Adrian Beltre #101,$1.44,,,,,,,,,,,,$1.59,,,,,,2,,,,,2014-06-01
2144431,Baseball Cards 2014 Bowman Chrome,Adrian Beltre [Blue Refractor] #101,$6.69,,,,,,,,,,,$1.50,$7.39,,,,,,1,,,,,2014-06-01
2144434,Baseball Cards 2014 Bowman Chrome,Adrian Beltre [Bubbles Refractor] #101,$3.25,,,$48.50,$48.00,$49.00,$64.00,$29.00,$29.00,,,,$3.59,,,,,,6,,,,,2014-06-01
2144432,Baseball Cards 2014 Bowman Chrome,Adrian Beltre [Purple Refractor] #101,$5.25,,,$10.00,$11.00,,,,,,,$1.20,$5.79,,,,,,3,,,,,2014-06-01
2144385,Baseball Cards 2014 Bowman Chrome,Albert Pujols #83,$1.44,,$0.99,$30.00,$40.33,$62.24,$81.00,$37.00,$37.00,,,,$1.59,,,,$1.09,,41,,,,,2014-06-01
2144386,Baseball Cards 2014 Bowman Chrome,Albert Pujols [Blue Refractor] #83,$10.31,,$22.84,$25.00,$28.00,,,,,,,$2.80,$10.99,,,$7.50,$24.99,,5,,,,,2014-06-01
2144387,Baseball Cards 2014 Bowman Chrome,Albert Pujols [Bubbles Refractor] #83,$13.76,,,$10.26,$11.00,,,,,,,$3.80,$14.99,,,,,,2,,,,,2014-06-01
2144388,Baseball Cards 2014 Bowman Chrome,Albert Pujols [Gold Refractor] #83,$62.00,,,,$199.99,$299.99,$390.00,$180.00,$180.00,,,$27.20,$67.99,,,,,,5,,,,,2014-06-01
2144389,Baseball Cards 2014 Bowman Chrome,Albert Pujols [Green Refractor] #83,$10.27,,,$49.99,$55.00,$149.99,$195.00,$90.00,$90.00,,,$2.80,$10.99,,,,,,3,,,,,2014-06-01
2144390,Baseball Cards 2014 Bowman Chrome,Albert Pujols [Purple Refractor] #83,$7.75,,,,,$95.00,$124.00,$57.00,$57.00,,,$1.70,$8.49,,,,,,4,,,,,2014-06-01
2144391,Baseball Cards 2014 Bowman Chrome,Albert Pujols [Refractor] #83,$24.33,,,$45.75,$50.00,$56.00,$73.00,$34.00,$34.00,,,$8.10,$26.99,,,,,,6,,,,,2014-06-01
2144392,Baseball Cards 2014 Bowman Chrome,Albert Pujols [Shimmer Refractor] #83,,,,$102.50,$113.00,,,,,,,,,,,,,,1,,,,,2014-06-01
6782199,Baseball Cards 2014 Bowman Chrome,Alcides Escobar #207,$0.25,,,,,,,,,,,,$0.99,,,,,,0,,,,,
2144624,Baseball Cards 2014 Bowman Chrome,Alcides Escobar [Black Static Refractor] #207,$4.84,,,,,,,,,,,$1.10,$5.29,,,,,,1,,,,,2014-06-01
2144625,Baseball Cards 2014 Bowman Chrome,Alcides Escobar [Orange Refractor] #207,$3.42,,,,,,,,,,,$0.80,$3.79,,,,,,6,,,,,2014-06-01
2144507,Baseball Cards 2014 Bowman Chrome,Alex Gordon [Blue Refractor] #138,$1.50,,,,,,,,,,,,$1.69,,,,,,1,,,,,2014-06-01
2144508,Baseball Cards 2014 Bowman Chrome,Alex Gordon [Bubbles Refractor] #138,$6.49,,,,,,,,,,,$1.40,$7.09,,,,,,1,,,,,2014-06-01
2144509,Baseball Cards 2014 Bowman Chrome,Alex Gordon [Gold Refractor] #138,$9.00,,,,,,,,,,,$2.00,$9.89,,,,,,1,,,,,2014-06-01
2144510,Baseball Cards 2014 Bowman Chrome,Alex Gordon [Green Refractor] #138,$3.00,,,,,,,,,,,,$3.29,,,,,,1,,,,,2014-06-01
2144511,Baseball Cards 2014 Bowman Chrome,Alex Gordon [Orange Refractor] #138,$3.95,,,,,,,,,,,$0.90,$4.39,,,,,,1,,,,,2014-06-01
2144512,Baseball Cards 2014 Bowman Chrome,Alex Gordon [Red Refractor] #138,,,,,,,,,,,,,,,,,,,0,,,,,2014-06-01
2144513,Baseball Cards 2014 Bowman Chrome,Alex Gordon [Refractor] #138,$1.46,,,,,,,,,,,,$1.59,,,,,,2,,,,,2014-06-01
2144206,Baseball Cards 2014 Bowman Chrome,Alex Guerrero #19,$0.25,,,,,$11.99,$16.00,$7.00,$7.00,,,,$0.99,,,,,,1,,,,,2014-06-01
2144207,Baseball Cards 2014 Bowman Chrome,Alex Guerrero [Black Static Refractor] #19,$9.99,,,,,,,,,,,$2.80,$10.99,,,,,,0,,,,,2014-06-01
2144208,Baseball Cards 2014 Bowman Chrome,Alex Guerrero [Bubbles Refractor] #19,$1.25,,,,,,,,,,,,$1.39,,,,,,1,,,,,2014-06-01
2144209,Baseball Cards 2014 Bowman Chrome,Alex Guerrero [Gold Refractor] #19,$2.50,,,,,$11.99,$16.00,$7.00,$7.00,,,,$2.79,,,,,,2,,,,,2014-06-01
2144210,Baseball Cards 2014 Bowman Chrome,Alex Guerrero [Orange Refractor] #19,,,,,,,,,,,,,,,,,,,0,,,,,2014-06-01
2144211,Baseball Cards 2014 Bowman Chrome,Alex Guerrero [Purple Refractor] #19,$1.99,,,,,,,,,,,,$2.19,,,,,,1,,,,,2014-06-01
12448768,Baseball Cards 2014 Bowman Chrome,Alex Rios #94,$2.05,,,,,,,,,,,,$2.29,,,,,,1,,,,,
2144440,Baseball Cards 2014 Bowman Chrome,Alex Wood [Gold Refractor] #107,$4.79,,,,,,,,,,,$1.10,$5.29,,,,,,1,,,,,2014-06-01
2144441,Baseball Cards 2014 Bowman Chrome,Alex Wood [Orange Refractor] #107,$1.16,,,,,,,,,,,,$1.29,,,,,,1,,,,,2014-06-01
12448767,Baseball Cards 2014 Bowman Chrome,Alexei Ramirez #200,$3.99,,,,,,,,,,,$0.90,$4.39,,,,,,1,,,,,
2144618,Baseball Cards 2014 Bowman Chrome,Alexei Ramirez [Blue Refractor] #200,$3.99,,,,,,,,,,,$0.90,$4.39,,,,,,4,,,,,2014-06-01
2144530,Baseball Cards 2014 Bowman Chrome,Andrelton Simmons [Blue Refractor] #149,$2.05,,,,,,,,,,,,$2.29,,,,,,1,,,,,2014-06-01
2144531,Baseball Cards 2014 Bowman Chrome,Andrelton Simmons [Bubbles Refractor] #149,$0.25,,,,,,,,,,,,$0.99,,,,,,0,,,,,2014-06-01
2144532,Baseball Cards 2014 Bowman Chrome,Andrelton Simmons [Gold Refractor] #149,$1.25,,,,,,,,,,,,$1.39,,,,,,1,,,,,2014-06-01
2144533,Baseball Cards 2014 Bowman Chrome,Andrelton Simmons [Green Refractor] #149,$0.99,,,,,,,,,,,,$1.09,,,,,,1,,,,,2014-06-01
2144534,Baseball Cards 2014 Bowman Chrome,Andrelton Simmons [Purple Refractor] #149,$0.99,,,,,,,,,,,,$1.09,,,,,,1,,,,,2014-06-01
2144535,Baseball Cards 2014 Bowman Chrome,Andrelton Simmons [Refractor] #149,$0.99,,,$10.50,$12.00,,,,,,,,$1.09,,,,,,2,,,,,2014-06-01
2144411,Baseball Cards 2014 Bowman Chrome,Andrew McCutchen #91,$1.25,,,,,,,,,,,,$1.39,,,,,,3,,,,,2014-06-01
2144412,Baseball Cards 2014 Bowman Chrome,Andrew McCutchen [Black Static Refractor] #91,$19.99,,,,,,,,,,,$6.60,$21.99,,,,,,1,,,,,2014-06-01
2144413,Baseball Cards 2014 Bowman Chrome,Andrew McCutchen [Blue Refractor] #91,$7.00,,,,,,,,,,,$1.50,$7.69,,,,,,3,,,,,2014-06-01
2144414,Baseball Cards 2014 Bowman Chrome,Andrew McCutchen [Bubbles Refractor] #91,$14.99,,,,,,,,,,,$4.00,$15.99,,,,,,5,,,,,2014-06-01
2144415,Baseball Cards 2014 Bowman Chrome,Andrew McCutchen [Carbon Fiber Refractor] #91,,,,,,,,,,,,,,,,,,,0,,,,,2014-06-01
2144416,Baseball Cards 2014 Bowman Chrome,Andrew McCutchen [Gold Refractor] #91,$29.13,,,,,,,,,,,$9.60,$31.99,,,,,,1,,,,,2014-06-01
2144417,Baseball Cards 2014 Bowman Chrome,Andrew McCutchen [Green Refractor] #91,$17.44,,,,,,,,,,,$4.80,$18.99,,,,,,1,,,,,2014-06-01
2144418,Baseball Cards 2014 Bowman Chrome,Andrew McCutchen [Orange Refractor] #91,$32.16,,,$22.50,$25.00,,,,,,,$10.50,$34.99,,,,,,2,,,,,2014-06-01
2144419,Baseball Cards 2014 Bowman Chrome,Andrew McCutchen [Purple Refractor] #91,$5.99,,$9.99,$16.52,$28.52,$41.84,$54.00,$25.00,$25.00,,,$1.30,$6.59,,,$2.80,$10.99,,8,,,,,2014-06-01
2144420,Baseball Cards 2014 Bowman Chrome,Andrew McCutchen [Red Refractor] #91,,,,,,,,,,,,,,,,,,,0,,,,,2014-06-01
2144421,Baseball Cards 2014 Bowman Chrome,Andrew McCutchen [Refractor] #91,$3.00,,,,,,,,,,,,$3.29,,,,,,4,,,,,2014-06-01
2144422,Baseball Cards 2014 Bowman Chrome,Andrew McCutchen [Shimmer Refractor] #91,$49.99,,$19.99,,,,,,,,,$22.00,$54.99,,,$6.60,$21.99,,2,,,,,2014-06-01
9285816,Baseball Cards 2014 Bowman Chrome,Anibal Sanchez #77,$0.25,,,,,,,,,,,,$0.99,,,,,,0,,,,,
2144381,Baseball Cards 2014 Bowman Chrome,Anibal Sanchez [Purple Refractor] #77,$2.65,,,,,,,,,,,,$2.89,,,,,,2,,,,,2014-06-01
2144326,Baseball Cards 2014 Bowman Chrome,Anthony Rendon [Black Static Refractor] #46,$23.24,,,,,,,,,,,$7.80,$25.99,,,,,,1,,,,,2014-06-01
2144327,Baseball Cards 2014 Bowman Chrome,Anthony Rendon [Orange Refractor] #46,$13.83,,,,,,,,,,,$3.80,$14.99,,,,,,1,,,,,2014-06-01
2144328,Baseball Cards 2014 Bowman Chrome,Anthony Rendon [Shimmer Refractor] #46,$3.53,,,,,,,,,,,$0.80,$3.89,,,,,,2,,,,,2014-06-01
2144374,Baseball Cards 2014 Bowman Chrome,Anthony Rizzo #75,$2.00,,,$8.99,$10.00,,,,,,,,$2.19,,,,,,5,,,,,2014-06-01
2144375,Baseball Cards 2014 Bowman Chrome,Anthony Rizzo [Bubbles Refractor] #75,$13.18,,,,,,,,,,,$3.80,$14.99,,,,,,1,,,,,2014-06-01
2144376,Baseball Cards 2014 Bowman Chrome,Anthony Rizzo [Green Refractor] #75,$4.43,,,,,$100.00,$130.00,$60.00,$60.00,,,$1.00,$4.89,,,,,,2,,,,,2014-06-01
2144377,Baseball Cards 2014 Bowman Chrome,Anthony Rizzo [Orange Refractor] #75,$37.00,,,$59.97,$66.00,,,,,,,$16.40,$40.99,,,,,,2,,,,,2014-06-01
2144378,Baseball Cards 2014 Bowman Chrome,Anthony Rizzo [Purple Refractor] #75,$2.99,,,,,,,,,,,,$3.29,,,,,,1,,,,,2014-06-01
2144379,Baseball Cards 2014 Bowman Chrome,Anthony Rizzo [Refractor] #75,$2.56,,,$18.38,$20.00,,,,,,,,$2.79,,,,,,5,,,,,2014-06-01
2144380,Baseball Cards 2014 Bowman Chrome,Anthony Rizzo [Shimmer Refractor] #75,$25.00,,,,,,,,,,,$8.40,$27.99,,,,,,1,,,,,2014-06-01
2144540,Baseball Cards 2014 Bowman Chrome,Aroldis Chapman [Gold Refractor] #154,$4.99,,,,,$149.99,$195.00,$90.00,$90.00,,,$1.10,$5.49,,,,,,2,,,,,2014-06-01
2144541,Baseball Cards 2014 Bowman Chrome,Aroldis Chapman [Green Refractor] #154,$6.99,,,,,,,,,,,$1.50,$7.69,,,,,,0,,,,,2014-06-01
2144542,Baseball Cards 2014 Bowman Chrome,Aroldis Chapman [Orange Refractor] #154,$2.25,,,,,,,,,,,,$2.49,,,,,,1,,,,,2014-06-01
2144543,Baseball Cards 2014 Bowman Chrome,Aroldis Chapman [Shimmer Refractor] #154,$3.21,,,,,,,,,,,,$3.49,,,,,,5,,,,,2014-06-01
2144373,Baseball Cards 2014 Bowman Chrome,Austin Jackson [Refractor] #74,$1.69,,,,,,,,,,,,$1.89,,,,,,5,,,,,2014-06-01
2144383,Baseball Cards 2014 Bowman Chrome,Ben Zobrist [Black Static Refractor] #79,$5.34,,$9.45,$15.81,$21.00,$20.99,$27.00,$13.00,$13.00,,,$1.20,$5.89,,,$2.00,$9.99,,8,,,,,2014-06-01
2144514,Baseball Cards 2014 Bowman Chrome,Billy Butler [Purple Refractor] #139,$2.12,,,,,,,,,,,,$2.29,,,,,,2,,,,,2014-06-01
2144236,Baseball Cards 2014 Bowman Chrome,Billy Hamilton #27,$1.50,,,,,$10.50,$14.00,$6.00,$6.00,,,,$1.69,,,,,,3,,,,,2014-06-01
2144237,Baseball Cards 2014 Bowman Chrome,Billy Hamilton [Bubbles Refractor] #27,$2.74,,,,$9.04,,,,,,,,$2.99,,,,,,4,,,,,2014-06-01
2144238,Baseball Cards 2014 Bowman Chrome,Billy Hamilton [Gold Refractor] #27,$9.99,,,,,,,,,,,$2.80,$10.99,,,,,,1,,,,,2014-06-01
2263108,Baseball Cards 2014 Bowman Chrome,Blaster Box,$45.00,,,,,,,,,,,$20.00,$49.99,,,,,,0,,,,,2014-06-01
6782190,Baseball Cards 2014 Bowman Chrome,Brandon Moss #204,$1.99,,,,,,,,,,,,$2.19,,,,,,6,,,,,
2144427,Baseball Cards 2014 Bowman Chrome,Brett Gardner [Gold Refractor] #99,$17.99,,,,,,,,,,,$5.00,$19.99,,,,,,1,,,,,2014-06-01
2144428,Baseball Cards 2014 Bowman Chrome,Brett Gardner [Orange Refractor] #99,$3.99,,$8.36,$14.39,$25.73,$37.98,$49.00,$23.00,$23.00,,,$0.90,$4.39,,,$1.80,$9.19,,7,,,,,2014-06-01
2144620,Baseball Cards 2014 Bowman Chrome,Brian Dozier #203,$0.25,,,,,,,,,,,,$0.99,,,,,,0,,,,,2014-06-01
2144621,Baseball Cards 2014 Bowman Chrome,Brian Dozier [Bubbles Refractor] #203,$1.25,,,,,$29.97,$39.00,$18.00,$18.00,,,,$1.39,,,,,,2,,,,,2014-06-01
2144622,Baseball Cards 2014 Bowman Chrome,Brian Dozier [Refractor] #203,$2.37,,,,,,,,,,,,$2.59,,,,,,2,,,,,2014-06-01
2144577,Baseball Cards 2014 Bowman Chrome,Bryce Harper #175,$2.12,,$6.77,$19.00,$23.02,$28.05,$36.00,$17.00,$17.00,,,,$2.29,,,$1.50,$7.49,,13,,,,,2014-06-01
2144578,Baseball Cards 2014 Bowman Chrome,Bryce Harper [Black Static Refractor] #175,$28.85,,,$68.37,$75.00,$354.80,$461.00,$213.00,$213.00,,,$9.60,$31.99,,,,,,3,,,,,2014-06-01
2144579,Baseball Cards 2014 Bowman Chrome,Bryce Harper [Blue Refractor] #175,$24.99,,,$59.34,$65.00,,,,,,,$8.10,$26.99,,,,,,3,,,,,2014-06-01
2144580,Baseball Cards 2014 Bowman Chrome,Bryce Harper [Bubbles Refractor] #175,$45.00,,,$29.99,$33.00,,,,,,,$20.00,$49.99,,,,,,2,,,,,2014-06-01
2144581,Baseball Cards 2014 Bowman Chrome,Bryce Harper [Carbon Fiber Refractor] #175,,,,,$56.51,,,,,,,,,,,,,,1,,,,,2014-06-01
2144582,Baseball Cards 2014 Bowman Chrome,Bryce Harper [Gold Refractor] #175,$56.93,,,$52.00,$107.69,$400.00,$520.00,$240.00,$240.00,,,$25.20,$62.99,,,,,,4,,,,,2014-06-01
2144583,Baseball Cards 2014 Bowman Chrome,Bryce Harper [Green Refractor] #175,$13.50,,,$22.99,$25.00,,,,,,,$3.80,$14.99,,,,,,2,,,,,2014-06-01
2144584,Baseball Cards 2014 Bowman Chrome,Bryce Harper [Orange Refractor] #175,$129.29,,,$64.00,$70.00,,,,,,,$71.00,$142.00,,,,,,2,,,,,2014-06-01
2144585,Baseball Cards 2014 Bowman Chrome,Bryce Harper [Purple Refractor] #175,$7.25,,,$48.50,$53.00,$56.12,$73.00,$34.00,$34.00,,,$1.60,$7.99,,,,,,6,,,,,2014-06-01
2144586,Baseball Cards 2014 Bowman Chrome,Bryce Harper [Red Refractor] #175,,,,,,,,,,,,,,,,,,,0,,,,,2014-06-01
2144587,Baseball Cards 2014 Bowman Chrome,Bryce Harper [Refractor] #175,$16.64,,,$16.76,$59.99,,,,$18.50,,,$4.50,$17.99,,,,,,4,,,,,2014-06-01
2144588,Baseball Cards 2014 Bowman Chrome,Bryce Harper [Shimmer Refractor] #175,,,,,,,,,,,,,,,,,,,0,,,,,2014-06-01
2144295,Baseball Cards 2014 Bowman Chrome,Buster Posey #38,$1.60,,,,,$33.64,$44.00,$20.00,$20.00,,,,$1.79,,,,,,4,,,,,2014-06-01
2144296,Baseball Cards 2014 Bowman Chrome,Buster Posey [Black Static Refractor] #38,$37.66,,,,,,,,,,,$16.40,$40.99,,,,,,1,,,,,2014-06-01
2144297,Baseball Cards 2014 Bowman Chrome,Buster Posey [Blue Refractor] #38,$17.79,,,,,,,,,,,$5.00,$19.99,,,,,,2,,,,,2014-06-01
2144298,Baseball Cards 2014 Bowman Chrome,Buster Posey [Gold Refractor] #38,$75.18,,,,,$102.50,$133.00,$62.00,$62.00,,,$33.20,$82.99,,,,,,4,,,,,2014-06-01
2144299,Baseball Cards 2014 Bowman Chrome,Buster Posey [Green Refractor] #38,$7.77,,,$25.00,$28.00,,,,,,,$1.70,$8.59,,,,,,2,,,,,2014-06-01
2144300,Baseball Cards 2014 Bowman Chrome,Buster Posey [Purple Refractor] #38,$8.25,,,,,$50.00,$65.00,$30.00,$30.00,,,$1.80,$9.09,,,,,,6,,,,,2014-06-01
2144444,Baseball Cards 2014 Bowman Chrome,CC Sabathia [Blue Refractor] #109,$6.33,,,,,,,,,,,$1.40,$6.99,,,,,,2,,,,,2014-06-01
2144445,Baseball Cards 2014 Bowman Chrome,CC Sabathia [Orange Refractor] #109,$2.64,,,,,,,,,,,,$2.89,,,,,,5,,,,,2014-06-01
8835101,Baseball Cards 2014 Bowman Chrome,Carlos Gomez #33,$1.79,,,,,,,,,,,,$1.99,,,,,,1,,,,,
8835102,Baseball Cards 2014 Bowman Chrome,Carlos Gomez [Blue Refractor] #33,$2.00,,,,,,,,,,,,$2.19,,,,,,3,,,,,
2144273,Baseball Cards 2014 Bowman Chrome,Carlos Gomez [Gold Refractor] #33,$8.38,,,,,,,,,,,$1.80,$9.19,,,,,,1,,,,,2014-06-01
2144274,Baseball Cards 2014 Bowman Chrome,Carlos Gomez [Refractor] #33,$2.95,,,,,,,,,,,,$3.29,,,,,,2,,,,,2014-06-01
2144294,Baseball Cards 2014 Bowman Chrome,Carlos Gonzalez [Red Refractor] #37,$2.84,,,,,,,,,,,,$3.09,,,,,,6,,,,,2014-06-01
9285817,Baseball Cards 2014 Bowman Chrome,Carlos Santana #113,$0.25,,,,,,,,,,,,$0.99,,,,,,0,,,,,
2144448,Baseball Cards 2014 Bowman Chrome,Carlos Santana [Refractor] #113,$3.83,,,,,,,,,,,$0.80,$4.19,,,,,,1,,,,,2014-06-01
2263110,Baseball Cards 2014 Bowman Chrome,Cello Box,,,,,,,,,,,,,,,,,,,0,,,,,2014-06-01
2144474,Baseball Cards 2014 Bowman Chrome,Chase Utley [Bubbles Refractor] #123,$13.17,,$15.98,$42.76,$47.00,$56.17,$73.00,$34.00,$34.00,,,$3.50,$13.99,,,$4.50,$17.99,,15,,,,,2014-06-01
6782101,Baseball Cards 2014 Bowman Chrome,Chris Archer #48,$0.25,,,,$160.50,,,,,,,,$0.99,,,,,,1,,,,,
2144483,Baseball Cards 2014 Bowman Chrome,Chris Davis #127,$1.24,,,$12.99,$14.00,,,,,,,,$1.39,,,,,,2,,,,,2014-06-01
2144484,Baseball Cards 2014 Bowman Chrome,Chris Davis [Gold Refractor] #127,$1.40,,$6.17,$11.52,$21.99,$32.78,$43.00,$20.00,$20.00,,,,$1.49,,,$1.40,$6.79,,6,,,,,2014-06-01
2144231,Baseball Cards 2014 Bowman Chrome,Chris Owings [Gold Refractor] #24,$3.25,,,,,,,,,,,,$3.59,,,,,,0,,,,,2014-06-01
2144232,Baseball Cards 2014 Bowman Chrome,Chris Owings [Shimmer Refractor] #24,$2.74,,,,,,,,,,,,$2.99,,,,,,3,,,,,2014-06-01
2144275,Baseball Cards 2014 Bowman Chrome,Chris Sale #34,$0.99,,,,,$15.50,$20.00,$9.00,$9.00,,,,$1.09,,,,,,2,,,,,2014-06-01
2144276,Baseball Cards 2014 Bowman Chrome,Chris Sale [Black Static Refractor] #34,$67.88,,,$31.00,$34.00,,,,,,,$30.00,$74.99,,,,,,3,,,,,2014-06-01
2144277,Baseball Cards 2014 Bowman Chrome,Chris Sale [Blue Refractor] #34,$3.76,,$3.25,$7.50,$8.00,$19.99,$26.00,$12.00,$12.00,,,$0.80,$4.09,,,,$3.59,,5,,,,,2014-06-01
2144278,Baseball Cards 2014 Bowman Chrome,Chris Sale [Green Refractor] #34,$4.99,,,,,,,,,,,$1.10,$5.49,,,,,,1,,,,,2014-06-01
2144279,Baseball Cards 2014 Bowman Chrome,Chris Sale [Orange Refractor] #34,$3.06,,,,,,,,,,,,$3.39,,,,,,1,,,,,2014-06-01
2144280,Baseball Cards 2014 Bowman Chrome,Chris Sale [Purple Refractor] #34,$3.99,,,,,,,,,,,$0.90,$4.39,,,,,,5,,,,,2014-06-01
2144452,Baseball Cards 2014 Bowman Chrome,Christian Yelich #117,$1.26,,,$3.25,$4.00,$10.25,$13.00,$6.00,$6.00,,,,$1.39,,,,,,3,,,,,2014-06-01
2144453,Baseball Cards 2014 Bowman Chrome,Christian Yelich [Black Static Refractor] #117,,,,$44.99,$49.00,,,,,,,,,,,,,,1,,,,,2014-06-01
2144454,Baseball Cards 2014 Bowman Chrome,Christian Yelich [Blue Refractor] #117,$4.49,,,,,$24.00,$31.00,$14.00,$14.00,,,$1.00,$4.89,,,,,,3,,,,,2014-06-01
2144455,Baseball Cards 2014 Bowman Chrome,Christian Yelich [Bubbles Refractor] #117,$4.32,,,,,,,,,,,$1.00,$4.79,,,,,,1,,,,,2014-06-01
2144456,Baseball Cards 2014 Bowman Chrome,Christian Yelich [Carbon Fiber Refractor] #117,,,,,,,,,,,,,,,,,,,0,,,,,2014-06-01
2144457,Baseball Cards 2014 Bowman Chrome,Christian Yelich [Gold Refractor] #117,$5.75,,,$24.50,$27.00,,,,,,,$1.30,$6.29,,,,,,3,,,,,2014-06-01
2144458,Baseball Cards 2014 Bowman Chrome,Christian Yelich [Green Refractor] #117,$4.68,,,,,,,,,,,$1.00,$5.19,,,,,,1,,,,,2014-06-01
2144459,Baseball Cards 2014 Bowman Chrome,Christian Yelich [Orange Refractor] #117,$34.93,,,,,$32.00,$42.00,$19.00,$19.00,,,$15.20,$37.99,,,,,,1,,,,,2014-06-01
2144460,Baseball Cards 2014 Bowman Chrome,Christian Yelich [Purple Refractor] #117,$3.99,,,,,,,,,,,$0.90,$4.39,,,,,,1,,,,,2014-06-01
10051559,Baseball Cards 2014 Bowman Chrome,Christian Yelich [Red Refractor] #117,$100.00,,,,,,,,,,,$55.00,$110.00,,,,,,1,,,,,
2144461,Baseball Cards 2014 Bowman Chrome,Christian Yelich [Refractor] #117,$2.63,,,,$17.00,$17.49,$23.00,$10.00,$10.00,,,,$2.89,,,,,,3,,,,,2014-06-01
2144462,Baseball Cards 2014 Bowman Chrome,Christian Yelich [Shimmer Refractor] #117,$12.99,,,,,,,,,,,$3.50,$13.99,,,,,,1,,,,,2014-06-01
2144547,Baseball Cards 2014 Bowman Chrome,Clayton Kershaw #158,$1.79,,,,,$19.99,$26.00,$12.00,$12.00,,,,$1.99,,,,,,5,,,,,2014-06-01
2144548,Baseball Cards 2014 Bowman Chrome,Clayton Kershaw [Black Static Refractor] #158,$135.00,,,,,$205.00,$267.00,$123.00,$123.00,,,$74.50,$149.00,,,,,,1,,,,,2014-06-01
2144549,Baseball Cards 2014 Bowman Chrome,Clayton Kershaw [Blue Refractor] #158,$20.25,,$15.00,$65.00,$72.00,,,,,,,$6.60,$21.99,,,$4.30,$16.99,,6,,,,,2014-06-01
2144550,Baseball Cards 2014 Bowman Chrome,Clayton Kershaw [Bubbles Refractor] #158,$25.84,,,$22.50,$25.00,$80.00,$104.00,$48.00,$48.00,,,$8.40,$27.99,,,,,,3,,,,,2014-06-01
2144551,Baseball Cards 2014 Bowman Chrome,Clayton Kershaw [Carbon Fiber Refractor] #158,,,,,,,,,,,,,,,,,,,0,,,,,2014-06-01
2144552,Baseball Cards 2014 Bowman Chrome,Clayton Kershaw [Gold Refractor] #158,$66.37,,,,,$117.50,$153.00,$71.00,$71.00,,,$29.20,$72.99,,,,,,2,,,,,2014-06-01
2144553,Baseball Cards 2014 Bowman Chrome,Clayton Kershaw [Green Refractor] #158,$20.26,,$27.92,$65.00,$80.33,$125.75,$163.00,$75.00,$75.00,,,$6.60,$21.99,,,$9.30,$30.99,,9,,,,,2014-06-01
2144554,Baseball Cards 2014 Bowman Chrome,Clayton Kershaw [Orange Refractor] #158,$126.50,,,$107.81,$119.00,,,,,,,$69.50,$139.00,,,,,,2,,,,,2014-06-01
2144555,Baseball Cards 2014 Bowman Chrome,Clayton Kershaw [Purple Refractor] #158,$13.09,,,,,,,,,,,$3.50,$13.99,,,,,,2,,,,,2014-06-01
2144556,Baseball Cards 2014 Bowman Chrome,Clayton Kershaw [Refractor] #158,$9.99,,,,,$100.00,$130.00,$60.00,$60.00,,,$2.80,$10.99,,,,,,3,,,,,2014-06-01
2144567,Baseball Cards 2014 Bowman Chrome,Cole Hamels [Purple Refractor] #163,$1.52,,$6.66,$12.16,$22.83,$33.93,$44.00,$20.00,$20.00,,,,$1.69,,,$1.50,$7.29,,8,,,,,2014-06-01
2144626,Baseball Cards 2014 Bowman Chrome,Corey Kluber #209,$0.99,,,,,,,,,,,,$1.09,,,,,,1,,,,,2014-06-01
2144627,Baseball Cards 2014 Bowman Chrome,Corey Kluber [Black Static Refractor] #209,$1.49,,,$39.99,$44.00,,,,,,,,$1.59,,,,,,2,,,,,2014-06-01
2144628,Baseball Cards 2014 Bowman Chrome,Corey Kluber [Gold Refractor] #209,,,,,,$40.00,$52.00,$24.00,$24.00,,,,,,,,,,1,,,,,2014-06-01
2144629,Baseball Cards 2014 Bowman Chrome,Corey Kluber [Orange Refractor] #209,$2.88,,,,,$34.73,$45.00,$21.00,$21.00,,,,$3.19,,,,,,4,,,,,2014-06-01
2144630,Baseball Cards 2014 Bowman Chrome,Corey Kluber [Red Refractor] #209,,,,,,,,,,,,,,,,,,,0,,,,,2014-06-01
2144537,Baseball Cards 2014 Bowman Chrome,Craig Kimbrel [Green Refractor] #151,$3.54,,,,,$28.92,$38.00,$17.00,$17.00,,,$0.80,$3.89,,,,,,5,,,,,2014-06-01
2144538,Baseball Cards 2014 Bowman Chrome,Craig Kimbrel [Red Refractor] #151,,,,,,,,,,,,,,,,,,,0,,,,,2014-06-01
12448773,Baseball Cards 2014 Bowman Chrome,Curtis Granderson #100,$1.39,,,,,,,,,,,,$1.49,,,,,,10,,,,,
2144429,Baseball Cards 2014 Bowman Chrome,Curtis Granderson [Purple Refractor] #100,$3.91,,$8.26,$14.26,$25.57,$37.76,$49.00,$23.00,$23.00,,,$0.90,$4.29,,,$1.80,$9.09,,6,,,,,2014-06-01
12448774,Baseball Cards 2014 Bowman Chrome,Curtis Granderson [Refractor] #100,$5.00,,,,,,,,,,,$1.10,$5.49,,,,,,17,,,,,
2144631,Baseball Cards 2014 Bowman Chrome,Dallas Keuchel [Black Static Refractor] #211,$25.00,,,,,,,,,,,$8.40,$27.99,,,,,,1,,,,,2014-06-01
2144632,Baseball Cards 2014 Bowman Chrome,Dallas Keuchel [Blue Refractor] #211,$1.64,,,,,,,,,,,,$1.79,,,,,,1,,,,,2014-06-01
2144633,Baseball Cards 2014 Bowman Chrome,Dallas Keuchel [Gold Refractor] #211,$0.99,,,,,,,,,,,,$1.09,,,,,,1,,,,,2014-06-01
2144634,Baseball Cards 2014 Bowman Chrome,Dallas Keuchel [Orange Refractor] #211,$3.00,,,,,,,,,,,,$3.29,,,,,,2,,,,,2014-06-01
2144442,Baseball Cards 2014 Bowman Chrome,Dan Straily [Orange Refractor] #108,,,,,,,,,,,,,,,,,,,0,,,,,2014-06-01
2144443,Baseball Cards 2014 Bowman Chrome,Dan Straily [Shimmer Refractor] #108,$2.42,,,,,$7.00,$9.00,$4.00,$4.00,,,,$2.69,,,,,,2,,,,,2014-06-01
2144433,Baseball Cards 2014 Bowman Chrome,Daniel Murphy #102,$0.99,,,,,,,,,,,,$1.09,,,,,,1,,,,,2014-06-01
2144435,Baseball Cards 2014 Bowman Chrome,Daniel Murphy [Blue Refractor] #102,$3.23,,,,,,,,,,,,$3.59,,,,,,1,,,,,2014-06-01
2144436,Baseball Cards 2014 Bowman Chrome,Daniel Murphy [Gold Refractor] #102,,,,,,$39.99,$52.00,$24.00,$24.00,,,,,,,,,,1,,,,,2014-06-01
2144437,Baseball Cards 2014 Bowman Chrome,Daniel Murphy [Refractor] #102,$1.95,,,$26.95,$30.00,,,,,,,,$2.19,,,,,,3,,,,,2014-06-01
2144515,Baseball Cards 2014 Bowman Chrome,David Ortiz [Blue Refractor] #140,$5.49,,,$17.00,$19.00,,,,,,,$1.20,$5.99,,,,,,5,,,,,2014-06-01
2144516,Baseball Cards 2014 Bowman Chrome,David Ortiz [Bubbles Refractor] #140,$9.71,,,,,,,,,,,$2.80,$10.99,,,,,,3,,,,,2014-06-01
2144517,Baseball Cards 2014 Bowman Chrome,David Ortiz [Carbon Fiber Refractor] #140,,,,$73.00,$80.00,,,,,,,,,,,,,,1,,,,,2014-06-01
2144518,Baseball Cards 2014 Bowman Chrome,David Ortiz [Gold Refractor] #140,$15.55,,,$88.00,$97.00,,,,,,,$4.30,$16.99,,,,,,2,,,,,2014-06-01
2144519,Baseball Cards 2014 Bowman Chrome,David Ortiz [Green Refractor] #140,$11.88,,,$14.50,$28.03,,,,,,,$3.30,$12.99,,,,,,3,,,,,2014-06-01
2144520,Baseball Cards 2014 Bowman Chrome,David Ortiz [Orange Refractor] #140,$23.50,,,$40.00,$44.00,$82.76,$108.00,$50.00,$50.00,,,$7.80,$25.99,,,,,,3,,,,,2014-06-01
2144521,Baseball Cards 2014 Bowman Chrome,David Ortiz [Purple Refractor] #140,$9.23,,,$12.50,$14.00,$26.00,$34.00,$16.00,$16.00,,,$2.00,$9.99,,,,,,3,,,,,2014-06-01
2144522,Baseball Cards 2014 Bowman Chrome,David Ortiz [Refractor] #140,$6.49,,,$11.08,$12.00,,,,,,,$1.40,$7.09,,,,,,4,,,,,2014-06-01
2144523,Baseball Cards 2014 Bowman Chrome,David Ortiz [Shimmer Refractor] #140,,,,$41.21,$45.00,,,,,,,,,,,,,,1,,,,,2014-06-01
6782103,Baseball Cards 2014 Bowman Chrome,David Price #50,$2.32,,,,,,,,,,,,$2.59,,,,,,5,,,,,
2144595,Baseball Cards 2014 Bowman Chrome,David Robertson [Blue Refractor] #189,$2.28,,,,,,,,,,,,$2.49,,,,,,2,,,,,2014-06-01
2144596,Baseball Cards 2014 Bowman Chrome,David Robertson [Carbon Fiber Refractor] #189,,,,,,,,,,,,,,,,,,,0,,,,,2014-06-01
2144597,Baseball Cards 2014 Bowman Chrome,David Robertson [Red Refractor] #189,,,,,,,,,,,,,,,,,,,0,,,,,2014-06-01
2144384,Baseball Cards 2014 Bowman Chrome,David Wright #81,$4.13,,$8.43,$14.47,$25.85,$150.00,$195.00,$90.00,$90.00,,,$0.90,$4.49,,,$1.90,$9.29,,9,,,,,2014-06-01
6782192,Baseball Cards 2014 Bowman Chrome,Dee Gordon #205,$3.49,,,,,,,,,,,$0.80,$3.79,,,,,,5,,,,,
2144400,Baseball Cards 2014 Bowman Chrome,Derek Jeter #89,$2.00,,$6.67,$12.18,$22.85,$28.17,$37.00,$17.00,$17.00,,,,$2.19,,,$1.50,$7.29,,17,,,,,2014-06-01
2144401,Baseball Cards 2014 Bowman Chrome,Derek Jeter [Black Static Refractor] #89,$163.40,,,,$200.00,$277.50,$361.00,$167.00,$167.00,,,$90.00,$180.00,,,,,,3,,,,,2014-06-01
2144402,Baseball Cards 2014 Bowman Chrome,Derek Jeter [Blue Refractor] #89,$30.40,,,$74.66,$82.00,$94.00,$122.00,$56.00,$56.00,,,$9.90,$32.99,,,,,,7,,,,,2014-06-01
2144403,Baseball Cards 2014 Bowman Chrome,Derek Jeter [Bubbles Refractor] #89,$39.99,,,$120.54,$133.00,$167.32,$218.00,$100.00,$100.00,,,$17.60,$43.99,,,,,,4,,,,,2014-06-01
2144404,Baseball Cards 2014 Bowman Chrome,Derek Jeter [Gold Refractor] #89,$160.75,,,$260.55,$287.00,$638.55,$830.00,$383.00,$383.00,,,$88.50,$177.00,,,,,,3,,,,,2014-06-01
2144405,Baseball Cards 2014 Bowman Chrome,Derek Jeter [Green Refractor] #89,$47.50,,,$100.00,$110.00,$146.56,$191.00,$88.00,$88.00,,,$20.80,$51.99,,,,,,4,,,,,2014-06-01
2144406,Baseball Cards 2014 Bowman Chrome,Derek Jeter [Orange Refractor] #89,$269.99,,,$207.50,$228.00,,,,,,,$148.50,$297.00,,,,,,3,,,,,2014-06-01
2144407,Baseball Cards 2014 Bowman Chrome,Derek Jeter [Purple Refractor] #89,$12.50,,,$40.27,$53.23,$70.00,$91.00,$42.00,$42.00,,,$3.50,$13.99,,,,,,4,,,,,2014-06-01
2144408,Baseball Cards 2014 Bowman Chrome,Derek Jeter [Red Refractor] #89,,,,,,,,,,,,,,,,,,,0,,,,,2014-06-01
2144409,Baseball Cards 2014 Bowman Chrome,Derek Jeter [Refractor] #89,$10.26,,$35.00,$108.25,$119.00,$130.00,$169.00,$78.00,$78.00,,,$2.80,$10.99,,,$15.60,$38.99,,9,,,,,2014-06-01
2144410,Baseball Cards 2014 Bowman Chrome,Derek Jeter [Shimmer Refractor] #89,,,,,$152.00,$155.04,$202.00,$93.00,$93.00,,,,,,,,,,2,,,,,2014-06-01
11330213,Baseball Cards 2014 Bowman Chrome,Devin Williams #BCP7,$1.15,,,,,,,,,,,,$1.29,,,,,,1,,,,,
6782181,Baseball Cards 2014 Bowman Chrome,Doug Fister #178,$1.39,,,,,,,,,,,,$1.49,,,,,,4,,,,,
6782215,Baseball Cards 2014 Bowman Chrome,Drew Hutchison #217,$0.37,,,,,,,,,,,,$0.99,,,,,,1,,,,,
2144599,Baseball Cards 2014 Bowman Chrome,Dustin Pedroia #194,$2.58,,,,,,,,,,,,$2.79,,,,,,2,,,,,2014-06-01
2144600,Baseball Cards 2014 Bowman Chrome,Dustin Pedroia [Green Refractor] #194,$5.63,,,,,,,,,,,$1.20,$6.19,,,,,,3,,,,,2014-06-01
2144601,Baseball Cards 2014 Bowman Chrome,Dustin Pedroia [Orange Refractor] #194,$5.99,,$9.58,$15.98,$27.82,$40.90,$53.00,$25.00,$25.00,,,$1.30,$6.59,,,$2.80,$10.99,,7,,,,,2014-06-01
2144602,Baseball Cards 2014 Bowman Chrome,Dustin Pedroia [Red Refractor] #194,,,,,,,,,,,,,,,,,,,0,,,,,2014-06-01
12427151,Baseball Cards 2014 Bowman Chrome,Edinson Volquez #180,,,,,,,,,,,,,,,,,,,0,,,,,
6670421,Baseball Cards 2014 Bowman Chrome,Eric Hosmer #137,$0.25,,,,,,,,,,,,$0.99,,,,,,0,,,,,
2144503,Baseball Cards 2014 Bowman Chrome,Eric Hosmer [Bubbles Refractor] #137,$6.00,,,,,,,,,,,$1.30,$6.59,,,,,,1,,,,,2014-06-01
2144504,Baseball Cards 2014 Bowman Chrome,Eric Hosmer [Gold Refractor] #137,$9.99,,,,,,,,,,,$2.80,$10.99,,,,,,1,,,,,2014-06-01
2144505,Baseball Cards 2014 Bowman Chrome,Eric Hosmer [Orange Refractor] #137,$6.35,,,,,,,,,,,$1.40,$6.99,,,,,,1,,,,,2014-06-01
2144506,Baseball Cards 2014 Bowman Chrome,Eric Hosmer [Shimmer Refractor] #137,$3.43,,$8.39,$14.43,$25.79,$38.07,$49.00,$23.00,$23.00,,,$0.80,$3.79,,,$1.80,$9.19,,7,,,,,2014-06-01
6782094,Baseball Cards 2014 Bowman Chrome,Erisbel Arruebarrena #3,$1.99,,,,,,,,,,,,$2.19,,,,,,1,,,,,
2144536,Baseball Cards 2014 Bowman Chrome,Ervin Santana [Bubbles Refractor] #150,$2.75,,,,,,,,,,,,$2.99,,,,,,2,,,,,2014-06-01
6782104,Baseball Cards 2014 Bowman Chrome,Evan Longoria #53,$2.74,,,,,,,,,,,,$2.99,,,,,,10,,,,,
2144568,Baseball Cards 2014 Bowman Chrome,Everth Cabrera [Red Refractor] #166,$14.05,,,,,,,,,,,$3.80,$14.99,,,,,,0,,,,,2014-06-01
2144569,Baseball Cards 2014 Bowman Chrome,Everth Cabrera [Shimmer Refractor] #166,$1.85,,,,,,,,,,,,$1.99,,,,,,2,,,,,2014-06-01
2144330,Baseball Cards 2014 Bowman Chrome,Felix Hernandez [Black Static Refractor] #49,$19.95,,,,,,,,,,,$6.60,$21.99,,,,,,1,,,,,2014-06-01
2144331,Baseball Cards 2014 Bowman Chrome,Felix Hernandez [Gold Refractor] #49,$7.79,,,,,,,,,,,$1.70,$8.59,,,,,,1,,,,,2014-06-01
2144332,Baseball Cards 2014 Bowman Chrome,Felix Hernandez [Shimmer Refractor] #49,$3.99,,$8.33,$57.59,$63.00,$69.00,$90.00,$41.00,$41.00,,,$0.90,$4.39,,,$1.80,$9.19,,7,,,,,2014-06-01
2144314,Baseball Cards 2014 Bowman Chrome,Freddie Freeman #43,$1.65,,,$15.34,$17.00,$34.47,$45.00,$21.00,$21.00,,,,$1.79,,,,,,7,,,,,2014-06-01
2144315,Baseball Cards 2014 Bowman Chrome,Freddie Freeman [Bubble Refractor] #43,$8.36,,$13.34,$41.66,$46.00,$49.81,$65.00,$30.00,$30.00,,,$1.80,$9.19,,,$3.80,$14.99,,14,,,,,2014-06-01
2144316,Baseball Cards 2014 Bowman Chrome,Freddie Freeman [Carbon Fiber Refractor] #43,$94.99,,,,,,,,,,,$52.00,$104.00,,,,,,1,,,,,2014-06-01
2144317,Baseball Cards 2014 Bowman Chrome,Freddie Freeman [Gold Refractor] #43,$21.24,,,,,,,,,,,$6.90,$22.99,,,,,,1,,,,,2014-06-01
2144235,Baseball Cards 2014 Bowman Chrome,Garin Cecchini #26,$2.07,,,,,,,,,,,,$2.29,,,,,,2,,,,,2014-06-01
8330079,Baseball Cards 2014 Bowman Chrome,Garrett Richards [Black] #86,$3.99,,,,,,,,,,,$0.90,$4.39,,,,,,0,,,,,
2144240,Baseball Cards 2014 Bowman Chrome,George Springer #29,$2.19,,$5.29,$10.40,$24.57,$39.92,$52.00,$24.00,$24.00,,,,$2.39,,,$1.20,$5.79,,46,,,,,2014-06-01
2144241,Baseball Cards 2014 Bowman Chrome,George Springer [Black Static Refractor] #29,$10.00,,,,$11.27,$125.00,$163.00,$75.00,$75.00,,,$2.80,$10.99,,,,,,4,,,,,2014-06-01
2144242,Baseball Cards 2014 Bowman Chrome,George Springer [Blue Refractor] #29,$26.88,,,$10.50,$12.00,,,,,,,$9.00,$29.99,,,,,,5,,,,,2014-06-01
2144243,Baseball Cards 2014 Bowman Chrome,George Springer [Bubbles Refractor] #29,$24.99,,,,,,,,,,,$8.10,$26.99,,,,,,1,,,,,2014-06-01
2144244,Baseball Cards 2014 Bowman Chrome,George Springer [Gold Refractor] #29,$30.99,,,$30.39,$33.00,,,,,,,$10.20,$33.99,,,,,,2,,,,,2014-06-01
2144245,Baseball Cards 2014 Bowman Chrome,George Springer [Green Refractor] #29,$26.02,,,,,$130.00,$169.00,$78.00,$78.00,,,$8.70,$28.99,,,,,,3,,,,,2014-06-01
2144246,Baseball Cards 2014 Bowman Chrome,George Springer [Orange Refractor] #29,$99.99,,$37.49,,,$23.68,$31.00,$14.00,$14.00,,,$55.00,$110.00,,,$16.40,$40.99,,3,,,,,2014-06-01
2144247,Baseball Cards 2014 Bowman Chrome,George Springer [Purple Refractor] #29,$7.59,,,$3.55,$4.00,$80.00,$104.00,$48.00,$48.00,,,$1.70,$8.39,,,,,,4,,,,,2014-06-01
2144248,Baseball Cards 2014 Bowman Chrome,George Springer [Refractor] #29,$5.60,$9.00,$11.16,$19.95,$22.00,$44.67,$58.00,$27.00,$27.00,,,$1.20,$6.19,$2.00,$9.89,$3.00,$11.99,,9,,,,,2014-06-01
2144393,Baseball Cards 2014 Bowman Chrome,Gerrit Cole [Black Static Refractor] #88,$3.01,,,,,,,,,,,,$3.29,,,,,,1,,,,,2014-06-01
2144394,Baseball Cards 2014 Bowman Chrome,Gerrit Cole [Blue Refractor] #88,$5.05,,,,,,,,,,,$1.10,$5.59,,,,,,3,,,,,2014-06-01
2144395,Baseball Cards 2014 Bowman Chrome,Gerrit Cole [Gold Refractor] #88,$19.99,,,,,,,,,,,$6.60,$21.99,,,,,,1,,,,,2014-06-01
2144396,Baseball Cards 2014 Bowman Chrome,Gerrit Cole [Orange Refractor] #88,,,,,,,,,,,,,,,,,,,0,,,,,2014-06-01
2144397,Baseball Cards 2014 Bowman Chrome,Gerrit Cole [Purple Refractor] #88,$3.99,,,,,,,,,,,$0.90,$4.39,,,,,,1,,,,,2014-06-01
2144398,Baseball Cards 2014 Bowman Chrome,Gerrit Cole [Refractor] #88,$4.64,,,$28.00,$31.00,,,,,,,$1.00,$5.09,,,,,,5,,,,,2014-06-01
2144399,Baseball Cards 2014 Bowman Chrome,Gerrit Cole [Shimmer Refractor] #88,$7.50,,,$15.50,$17.00,,,,,,,$1.70,$8.29,,,,,,2,,,,,2014-06-01
6782106,Baseball Cards 2014 Bowman Chrome,Giancarlo Stanton #61,,,,,,,,,,,,,,,,,,,0,,,,,
2144351,Baseball Cards 2014 Bowman Chrome,Giancarlo Stanton #62,$1.75,,,,,$40.00,$52.00,$24.00,$24.00,,,,$1.89,,,,,,3,,,,,2014-06-01
2144352,Baseball Cards 2014 Bowman Chrome,Giancarlo Stanton [Black Static Refractor] #62,$80.00,,,,,,,,,,,$35.20,$87.99,,,,,,1,,,,,2014-06-01
2144353,Baseball Cards 2014 Bowman Chrome,Giancarlo Stanton [Blue Refractor] #62,$3.19,,,,,$29.99,$39.00,$18.00,$18.00,,,,$3.49,,,,,,3,,,,,2014-06-01
2144354,Baseball Cards 2014 Bowman Chrome,Giancarlo Stanton [Carbon Fiber Refractor] #62,$46.25,,,$47.95,$53.00,,,,,,,$20.40,$50.99,,,,,,2,,,,,2014-06-01
2144355,Baseball Cards 2014 Bowman Chrome,Giancarlo Stanton [Gold Refractor] #62,$18.49,,,,,,,,,,,$5.00,$19.99,,,,,,1,,,,,2014-06-01
2144356,Baseball Cards 2014 Bowman Chrome,Giancarlo Stanton [Green Refractor] #62,$3.87,,,,,,,,,,,$0.90,$4.29,,,,,,1,,,,,2014-06-01
2144357,Baseball Cards 2014 Bowman Chrome,Giancarlo Stanton [Orange Refractor] #62,$23.97,,,,,,,,,,,$7.80,$25.99,,,,,,1,,,,,2014-06-01
2144359,Baseball Cards 2014 Bowman Chrome,Giancarlo Stanton [Purple Refractor] #62,$6.99,,,,,,,,,,,$1.50,$7.69,,,,,,1,,,,,2014-06-01
2144358,Baseball Cards 2014 Bowman Chrome,Giancarlo Stanton [Red Refractor] #62,,,,,,,,,,,,,,,,,,,0,,,,,2014-06-01
2144360,Baseball Cards 2014 Bowman Chrome,Giancarlo Stanton [Refractor] #62,$2.12,,,,,,,,,,,,$2.29,,,,,,2,,,,,2014-06-01
2144361,Baseball Cards 2014 Bowman Chrome,Giancarlo Stanton [Shimmer Refractor] #62,,,,,,,,,,,,,,,,,,,0,,,,,2014-06-01
3848251,Baseball Cards 2014 Bowman Chrome,Gosuke Katoh #BCP56,$6.00,,,,,,,,,,,$1.30,$6.59,,,,,,0,,,,,
6782184,Baseball Cards 2014 Bowman Chrome,Greg Holland #185,$1.99,,,,,,,,,,,,$2.19,,,,,,3,,,,,
2144192,Baseball Cards 2014 Bowman Chrome,Gregory Polanco #14,$1.45,,,$3.58,$4.00,$4.00,$5.00,$2.00,$2.00,,,,$1.59,,,,,,3,,,,,2014-06-01
2144193,Baseball Cards 2014 Bowman Chrome,Gregory Polanco [Black Static Refractor] #14,$4.50,,,,,,,,,,,$1.00,$4.99,,,,,,1,,,,,2014-06-01
2144194,Baseball Cards 2014 Bowman Chrome,Gregory Polanco [Bubbles Refractor] #14,$5.00,,,,,,,,,,,$1.10,$5.49,,,,,,1,,,,,2014-06-01
2144195,Baseball Cards 2014 Bowman Chrome,Gregory Polanco [Carbon Fiber Refractor] #14,,,,$4.25,$5.00,,,,,,,,,,,,,,1,,,,,2014-06-01
2144196,Baseball Cards 2014 Bowman Chrome,Gregory Polanco [Purple Refractor] #14,$2.00,,,,,,,,,,,,$2.19,,,,,,1,,,,,2014-06-01
2144197,Baseball Cards 2014 Bowman Chrome,Gregory Polanco [Red Refractor] #14,,,,,,,,,,,,,,,,,,,0,,,,,2014-06-01
2144198,Baseball Cards 2014 Bowman Chrome,Gregory Polanco [Refractor] #14,$2.49,,,,,,,,,,,,$2.69,,,,,,2,,,,,2014-06-01
2263111,Baseball Cards 2014 Bowman Chrome,Hanger Box,,,,,,,,,,,,,,,,,,,0,,,,,2014-06-01
6782208,Baseball Cards 2014 Bowman Chrome,Henderson Alvarez #213,$1.14,,,,,,,,,,,,$1.29,,,,,,3,,,,,
12448754,Baseball Cards 2014 Bowman Chrome,Hiroki Kuroda #110,,,,,,,,,,,,,,,,,,,0,,,,,
2144446,Baseball Cards 2014 Bowman Chrome,Hiroki Kuroda [Blue Refractor] #110,$1.99,,,,,,,,,,,,$2.19,,,,,,1,,,,,2014-06-01
2144447,Baseball Cards 2014 Bowman Chrome,Hiroki Kuroda [Green Refractor] #110,$3.12,,,,,,,,,,,,$3.39,,,,,,4,,,,,2014-06-01
11436014,Baseball Cards 2014 Bowman Chrome,Hisashi Iwakuma #144,$3.49,,,,,,,,,,,$0.80,$3.79,,,,,,1,,,,,
2263107,Baseball Cards 2014 Bowman Chrome,Hobby Box,$249.97,,,,,,,,,,,$137.50,$275.00,,,,,,32,,,,,2014-06-01
6782182,Baseball Cards 2014 Bowman Chrome,Homer Bailey #182,$1.59,,,,,,,,,,,,$1.79,,,,,,1,,,,,
2144590,Baseball Cards 2014 Bowman Chrome,Homer Bailey [Purple Refractor] #182,$4.99,,,,,,,,,,,$1.10,$5.49,,,,,,2,,,,,2014-06-01
2144573,Baseball Cards 2014 Bowman Chrome,Hunter Pence [Black Static Refractor] #171,$17.79,,,,,,,,,,,$5.00,$19.99,,,,,,0,,,,,2014-06-01
2144574,Baseball Cards 2014 Bowman Chrome,Hunter Pence [Blue Refractor] #171,$3.51,,,,,,,,,,,$0.80,$3.89,,,,,,2,,,,,2014-06-01
2144575,Baseball Cards 2014 Bowman Chrome,Hunter Pence [Gold Refractor] #171,$11.12,,,$30.95,$34.00,,,,,,,$3.00,$11.99,,,,,,4,,,,,2014-06-01
2144576,Baseball Cards 2014 Bowman Chrome,Hunter Pence [Purple Refractor] #171,$2.89,,,$20.00,$22.00,,,,,,,,$3.19,,,,,,4,,,,,2014-06-01
2144591,Baseball Cards 2014 Bowman Chrome,Huston Street [Blue Refractor] #184,$2.99,,,,,,,,,,,,$3.29,,,,,,1,,,,,2014-06-01
2144592,Baseball Cards 2014 Bowman Chrome,Huston Street [Green Refractor] #184,$2.01,,,,,,,,,,,,$2.19,,,,,,3,,,,,2014-06-01
2144362,Baseball Cards 2014 Bowman Chrome,Hyun Jin Ryu [Carbon Fiber Refractor] #64,$4.33,,,,$49.99,,,,,,,$1.00,$4.79,,,,,,4,,,,,2014-06-01
6782108,Baseball Cards 2014 Bowman Chrome,Hyun-Jin Ryu #64,$0.99,,,,,,,,,,,,$1.09,,,,,,1,,,,,
6782180,Baseball Cards 2014 Bowman Chrome,Ian Kennedy #167,$0.99,,,,,,,,,,,,$1.09,,,,,,2,,,,,
6782116,Baseball Cards 2014 Bowman Chrome,Ian Kinsler #103,$4.37,,,,,,,,,,,$1.00,$4.79,,,,,,5,,,,,
2144371,Baseball Cards 2014 Bowman Chrome,Jacoby Ellsbury [Black Static Refractor] #72,$12.02,,,,,,,,,,,$3.30,$12.99,,,,,,0,,,,,2014-06-01
2144372,Baseball Cards 2014 Bowman Chrome,Jacoby Ellsbury [Carbon Fiber Refractor] #72,$3.16,,,$6.05,$7.00,,,,,,,,$3.49,,,,,,3,,,,,2014-06-01
8455017,Baseball Cards 2014 Bowman Chrome,Jake Peavy [Refractor] #132,$7.95,,,,,,,,,,,$1.80,$8.79,,,,,,6,,,,,
2144233,Baseball Cards 2014 Bowman Chrome,James Paxton #25,$1.99,,,$2.32,$3.00,,,,,,,,$2.19,,,,,,3,,,,,2014-06-01
2144234,Baseball Cards 2014 Bowman Chrome,James Paxton [Gold Refractor] #25,$2.54,,,,,,,,,,,,$2.79,,,,,,4,,,,,2014-06-01
2144382,Baseball Cards 2014 Bowman Chrome,James Shields [Carbon Fiber Refractor] #78,$3.25,,,,,,,,,,,,$3.59,,,,,,4,,,,,2014-06-01
6782219,Baseball Cards 2014 Bowman Chrome,Jarred Cosart #219,$1.63,,,,,,,,,,,,$1.79,,,,,,2,,,,,
2144498,Baseball Cards 2014 Bowman Chrome,Jason Castro [Orange Refractor] #133,$1.25,,,,,,,,,,,,$1.39,,,,,,1,,,,,2014-06-01
6782204,Baseball Cards 2014 Bowman Chrome,Jason Hammel #212,$1.59,,,,,,,,,,,,$1.79,,,,,,1,,,,,
2144635,Baseball Cards 2014 Bowman Chrome,Jason Hammel [Gold Refractor] #212,$2.98,,,,,,,,,,,,$3.29,,,,,,1,,,,,2014-06-01
2144636,Baseball Cards 2014 Bowman Chrome,Jason Hammel [Purple Refractor] #212,$2.89,,$7.36,$22.50,$24.03,$35.60,$46.00,$21.00,$21.00,,,,$3.19,,,$1.60,$8.09,,8,,,,,2014-06-01
2144637,Baseball Cards 2014 Bowman Chrome,Jason Hammel [Red Refractor] #212,,,,,,,,,,,,,,,,,,,0,,,,,2014-06-01
2144617,Baseball Cards 2014 Bowman Chrome,Jason Heyward [Red Refractor] #199,$6.00,,$10.03,$16.57,$21.00,$21.50,$28.00,$13.00,$13.00,,,$1.30,$6.59,,,$2.80,$10.99,,8,,,,,2014-06-01
2144449,Baseball Cards 2014 Bowman Chrome,Jason Kipnis [Bubbles Refractor] #115,$14.66,,,,,,,,,,,$4.00,$15.99,,,,,,3,,,,,2014-06-01
2144477,Baseball Cards 2014 Bowman Chrome,Jay Bruce #125,$2.98,,$7.49,$13.25,$24.26,$35.92,$47.00,$22.00,$22.00,,,,$3.29,,,$1.60,$8.19,,7,,,,,2014-06-01
2144470,Baseball Cards 2014 Bowman Chrome,Jean Segura [Black Static Refractor] #120,$0.99,,,,,,,,,,,,$1.09,,,,,,1,,,,,2014-06-01
2144471,Baseball Cards 2014 Bowman Chrome,Jean Segura [Blue Refractor] #120,$1.99,,$2.99,,,,,,,,,,$2.19,,,,$3.29,,2,,,,,2014-06-01
2144472,Baseball Cards 2014 Bowman Chrome,Jean Segura [Orange Refractor] #120,$1.98,,,,,,,,,,,,$2.19,,,,,,2,,,,,2014-06-01
6782096,Baseball Cards 2014 Bowman Chrome,Jeff Kobernus #4,$30.00,,,,,,,,,,,$9.90,$32.99,,,,,,1,,,,,
6782211,Baseball Cards 2014 Bowman Chrome,Jesse Chavez #215,$2.93,,,,,,,,,,,,$3.19,,,,,,10,,,,,
11551351,Baseball Cards 2014 Bowman Chrome,Jimmy Rollins #124,,,,,,,,,,,,,,,,,,,0,,,,,
2144475,Baseball Cards 2014 Bowman Chrome,Jimmy Rollins [Gold Refractor] #124,$9.38,,,,,,,,,,,$2.00,$9.99,,,,,,1,,,,,2014-06-01
2144476,Baseball Cards 2014 Bowman Chrome,Jimmy Rollins [Purple Refractor] #124,$9.99,,,$25.00,$28.00,,,,,,,$2.80,$10.99,,,,,,4,,,,,2014-06-01
2144499,Baseball Cards 2014 Bowman Chrome,Joe Mauer #134,$1.38,,,,,$34.99,$45.00,$21.00,$21.00,,,,$1.49,,,,,,3,,,,,2014-06-01
2144500,Baseball Cards 2014 Bowman Chrome,Joe Mauer [Black Static Refractor] #134,$100.00,,,,,,,,,,,$55.00,$110.00,,,,,,1,,,,,2014-06-01
2144501,Baseball Cards 2014 Bowman Chrome,Joe Mauer [Gold Refractor] #134,$35.00,,,,,$81.90,$106.00,$49.00,$49.00,,,$15.60,$38.99,,,,,,2,,,,,2014-06-01
2144502,Baseball Cards 2014 Bowman Chrome,Joe Mauer [Shimmer Refractor] #134,$4.46,,$22.50,$25.00,$26.34,$43.00,$56.00,$26.00,$26.00,,,$1.00,$4.89,,,$7.50,$24.99,,12,,,,,2014-06-01
2144478,Baseball Cards 2014 Bowman Chrome,Joey Votto #126,$1.34,,,,$4.37,$19.99,$26.00,$12.00,$12.00,,,,$1.49,,,,,,11,,,,,2014-06-01
2144479,Baseball Cards 2014 Bowman Chrome,Joey Votto [Black Static Refractor] #126,$30.00,,$12.50,,,,,,,,,$9.90,$32.99,,,$3.50,$13.99,,2,,,,,2014-06-01
2144480,Baseball Cards 2014 Bowman Chrome,Joey Votto [Gold Refractor] #126,$35.00,,,,,,,,,,,$15.60,$38.99,,,,,,1,,,,,2014-06-01
2144481,Baseball Cards 2014 Bowman Chrome,Joey Votto [Orange Refractor] #126,$18.99,,,,,,,,,,,$6.30,$20.99,,,,,,1,,,,,2014-06-01
2144482,Baseball Cards 2014 Bowman Chrome,Joey Votto [Shimmer Refractor] #126,$5.20,,$10.00,$15.60,$27.33,$40.18,$52.00,$24.00,$24.00,,,$1.10,$5.69,,,$2.80,$10.99,,8,,,,,2014-06-01
2144188,Baseball Cards 2014 Bowman Chrome,John Ryan Murphy [Red Refractor] #8,$3.08,,,,$5.37,$5.50,$7.00,$3.00,$3.00,,,,$3.39,,,,,,5,,,,,2014-06-01
2144495,Baseball Cards 2014 Bowman Chrome,Jon Lester [Gold Refractor] #130,$6.71,,,$19.99,$22.00,,,,,,,$1.50,$7.39,,,,,,2,,,,,2014-06-01
2144496,Baseball Cards 2014 Bowman Chrome,Jon Lester [Orange Refractor] #130,,,,$12.38,$14.00,,,,,,,,,,,,,,1,,,,,2014-06-01
2144497,Baseball Cards 2014 Bowman Chrome,Jon Lester [Shimmer Refractor] #130,$5.84,,$8.33,$14.34,$25.68,$37.92,$49.00,$23.00,$23.00,,,$1.30,$6.39,,,$1.80,$9.19,,6,,,,,2014-06-01
2144220,Baseball Cards 2014 Bowman Chrome,Jon Singleton #22,$1.74,,,,,,,,,,,,$1.89,,,,,,3,,,,,2014-06-01
2144221,Baseball Cards 2014 Bowman Chrome,Jon Singleton [Bubbles Refractor] #22,$1.32,,,,,,,,,,,,$1.49,,,,,,4,,,,,2014-06-01
2144222,Baseball Cards 2014 Bowman Chrome,Jon Singleton [Gold Refractor] #22,$17.79,,,,,,,,,,,$5.00,$19.99,,,,,,1,,,,,2014-06-01
9285818,Baseball Cards 2014 Bowman Chrome,Jonathan Lucroy #196,$0.25,,,,,,,,,,,,$0.99,,,,,,0,,,,,
2144604,Baseball Cards 2014 Bowman Chrome,Jonathan Lucroy [Blue Refractor] #196,$1.81,,,,,,,,,,,,$1.99,,,,,,1,,,,,2014-06-01
2144605,Baseball Cards 2014 Bowman Chrome,Jonathan Lucroy [Refractor] #196,$1.92,,,,,,,,,,,,$2.09,,,,,,2,,,,,2014-06-01
2144606,Baseball Cards 2014 Bowman Chrome,Jonathan Lucroy [Shimmer Refractor] #196,,,,,,,,,,,,,,,,,,,0,,,,,2014-06-01
2144179,Baseball Cards 2014 Bowman Chrome,Jonathan Schoop #7,$1.49,,,,$7.00,$7.39,$10.00,$4.00,$4.00,,,,$1.59,,,,,,3,,,,,2014-06-01
2144180,Baseball Cards 2014 Bowman Chrome,Jonathan Schoop [Black Static Refractor] #7,$23.20,,,,,$9.99,$13.00,$6.00,$6.00,,,$7.80,$25.99,,,,,,1,,,,,2014-06-01
2144181,Baseball Cards 2014 Bowman Chrome,Jonathan Schoop [Bubbles Refractor] #7,$2.64,,,,,,,,,,,,$2.89,,,,,,1,,,,,2014-06-01
2144182,Baseball Cards 2014 Bowman Chrome,Jonathan Schoop [Gold Refractor] #7,$8.89,,,$15.00,$17.00,$18.00,$23.00,$11.00,$11.00,,,$2.00,$9.79,,,,,,3,,,,,2014-06-01
2144183,Baseball Cards 2014 Bowman Chrome,Jonathan Schoop [Green Refractor] #7,$1.09,,,,,,,,,,,,$1.19,,,,,,1,,,,,2014-06-01
2144184,Baseball Cards 2014 Bowman Chrome,Jonathan Schoop [Purple Refractor] #7,$3.69,,,,,,,,,,,$0.80,$4.09,,,,,,1,,,,,2014-06-01
2144185,Baseball Cards 2014 Bowman Chrome,Jonathan Schoop [Refractor] #7,$3.98,,,$10.78,$12.00,,,,,,,$0.90,$4.39,,,,,,3,,,,,2014-06-01
6782178,Baseball Cards 2014 Bowman Chrome,Jonathon Niese #161,$1.50,,,,,,,,,,,,$1.69,,,,,,1,,,,,
12448772,Baseball Cards 2014 Bowman Chrome,Jordan Zimmermann #176,$0.21,,,,,,,,,,,,$0.99,,,,,,8,,,,,
2144589,Baseball Cards 2014 Bowman Chrome,Jordan Zimmermann [Green Refractor] #176,$2.47,,,,,,,,,,,,$2.69,,,,,,1,,,,,2014-06-01
6782099,Baseball Cards 2014 Bowman Chrome,Jose Abreu #5,$1.35,,,,,$10.99,$14.00,$7.00,$7.00,,,,$1.49,,,,,,5,,,,,
2144166,Baseball Cards 2014 Bowman Chrome,Jose Abreu #BCP17,$1.61,,,$8.43,$9.00,$50.87,$66.00,$31.00,$31.00,,,,$1.79,,,,,,10,,,,,2014-06-01
2144167,Baseball Cards 2014 Bowman Chrome,Jose Abreu [Black Static Refractor] #5,$21.70,,,$46.55,$51.00,$56.00,$73.00,$34.00,$34.00,,,$7.20,$23.99,,,,,,3,,,,,2014-06-01
2144168,Baseball Cards 2014 Bowman Chrome,Jose Abreu [Blue Refractor] #5,$2.49,,$1.25,$2.63,$39.68,$59.26,$77.00,$36.00,$36.00,,,,$2.69,,,,$1.39,,6,,,,,2014-06-01
2144169,Baseball Cards 2014 Bowman Chrome,Jose Abreu [Bubbles Refractor] #5,$10.50,,,,$298.57,,,,,,,$3.00,$11.99,,,,,,2,,,,,2014-06-01
2144170,Baseball Cards 2014 Bowman Chrome,Jose Abreu [Gold Refractor] #5,$24.65,,,,$400.00,,,,,,,$8.10,$26.99,,,,,,2,,,,,2014-06-01
2144171,Baseball Cards 2014 Bowman Chrome,Jose Abreu [Green Refractor] #5,$28.65,,,,$16.00,$16.78,$22.00,$10.00,$10.00,,,$9.60,$31.99,,,,,,3,,,,,2014-06-01
2144172,Baseball Cards 2014 Bowman Chrome,Jose Abreu [Orange Refractor] #5,$81.96,,,,,$26.00,$34.00,$16.00,$16.00,,,$36.00,$89.99,,,,,,2,,,,,2014-06-01
2144173,Baseball Cards 2014 Bowman Chrome,Jose Abreu [Purple Refractor] #5,$3.91,,,$2.25,$13.50,,,,,,,$0.90,$4.29,,,,,,3,,,,,2014-06-01
2144174,Baseball Cards 2014 Bowman Chrome,Jose Abreu [Refractor] #5,$4.90,,,,$55.00,$146.50,$190.00,$88.00,$88.00,,,$1.10,$5.39,,,,,,5,,,,,2014-06-01
2144175,Baseball Cards 2014 Bowman Chrome,Jose Abreu [Rookie Gray Uniform] #5,$1.69,,$6.42,$13.11,$14.00,$18.13,$24.00,$11.00,$11.00,,,,$1.89,,,$1.40,$7.09,,13,,,,,2014-06-01
2144176,Baseball Cards 2014 Bowman Chrome,Jose Abreu [Shimmer Refractor] #5,,,,,,$1100.00,$1430.00,$660.00,$660.00,,,,,,,,,,1,,,,,2014-06-01
2144608,Baseball Cards 2014 Bowman Chrome,Jose Altuve #198,$1.41,,$5.85,,,$19.99,$26.00,$12.00,$12.00,,,,$1.59,,,$1.30,$6.39,,7,,,,,2014-06-01
2144609,Baseball Cards 2014 Bowman Chrome,Jose Altuve [Black Static Refractor] #198,$17.79,,,,,,,,,,,$5.00,$19.99,,,,,,1,,,,,2014-06-01
2144610,Baseball Cards 2014 Bowman Chrome,Jose Altuve [Bubbles Refractor] #198,$9.99,,,$15.75,$17.00,,,,,,,$2.80,$10.99,,,,,,5,,,,,2014-06-01
2144611,Baseball Cards 2014 Bowman Chrome,Jose Altuve [Carbon Fiber Refractor] #198,,,,,,,,,,,,,,,,,,,0,,,,,2014-06-01
2144612,Baseball Cards 2014 Bowman Chrome,Jose Altuve [Gold Refractor] #198,$14.99,,,,,,,,,,,$4.00,$15.99,,,,,,1,,,,,2014-06-01
2144613,Baseball Cards 2014 Bowman Chrome,Jose Altuve [Green Refractor] #198,$9.07,,,,,,,,,,,$2.00,$9.99,,,,,,1,,,,,2014-06-01
2144614,Baseball Cards 2014 Bowman Chrome,Jose Altuve [Orange Refractor] #198,$54.99,,,,,,,,,,,$24.00,$59.99,,,,,,1,,,,,2014-06-01
2144615,Baseball Cards 2014 Bowman Chrome,Jose Altuve [Purple Refractor] #198,$4.28,,,,,,,,,,,$0.90,$4.69,,,,,,2,,,,,2014-06-01
2144616,Baseball Cards 2014 Bowman Chrome,Jose Altuve [Shimmer Refractor] #198,$5.99,,,$23.50,$26.00,$191.38,$249.00,$115.00,$115.00,,,$1.30,$6.59,,,,,,6,,,,,2014-06-01
2144325,Baseball Cards 2014 Bowman Chrome,Jose Bautista [Black Static Refractor] #45,$3.44,,,$39.99,$44.00,,,,,,,$0.80,$3.79,,,,,,6,,,,,2014-06-01
2144301,Baseball Cards 2014 Bowman Chrome,Jose Fernandez #40,$0.99,,,,,,,,,,,,$1.09,,,,,,1,,,,,2014-06-01
2144302,Baseball Cards 2014 Bowman Chrome,Jose Fernandez [Blue Refractor] #40,$5.02,,,,,,,,,,,$1.10,$5.49,,,,,,3,,,,,2014-06-01
2144303,Baseball Cards 2014 Bowman Chrome,Jose Fernandez [Gold Refractor] #40,$23.50,,,$47.49,$52.00,,,,,,,$7.80,$25.99,,,,,,4,,,,,2014-06-01
4133955,Baseball Cards 2014 Bowman Chrome,Jose Fernandez [Red Refractor] #40,$79.99,,,,$365.00,,,,,,,$35.20,$87.99,,,,,,2,,,,,
2144304,Baseball Cards 2014 Bowman Chrome,Jose Fernandez [Refractor] #40,$11.49,,$12.63,$19.96,$33.03,$48.11,$63.00,$29.00,$29.00,,,$3.30,$12.99,,,$3.50,$13.99,,7,,,,,2014-06-01
6782202,Baseball Cards 2014 Bowman Chrome,Jose Quintana #210,$1.62,,,,,,,,,,,,$1.79,,,,,,1,,,,,
6782173,Baseball Cards 2014 Bowman Chrome,Jose Reyes #148,$1.56,,,,,,,,,,,,$1.69,,,,,,5,,,,,
11802185,Baseball Cards 2014 Bowman Chrome,Josh Beckett #220,$2.69,,,,,,,,,,,,$2.99,,,,,,10,,,,,
2144603,Baseball Cards 2014 Bowman Chrome,Josh Donaldson [Refractor] #195,$2.99,,,$9.95,$11.00,,,,,,,,$3.29,,,,,,5,,,,,2014-06-01
6782100,Baseball Cards 2014 Bowman Chrome,Josmil Pinto #13,$2.09,,,,,,,,,,,,$2.29,,,,,,1,,,,,
12427152,Baseball Cards 2014 Bowman Chrome,Juan Lagares #80,$1.68,,,,,,,,,,,,$1.89,,,,,,27,,,,,
12448775,Baseball Cards 2014 Bowman Chrome,Justin Masterson #87,$1.62,,,,,,,,,,,,$1.79,,,,,,5,,,,,
2144463,Baseball Cards 2014 Bowman Chrome,Justin Upton [Black Static Refractor] #118,$3.30,,,,,,,,,,,,$3.59,,,,,,1,,,,,2014-06-01
2144464,Baseball Cards 2014 Bowman Chrome,Justin Upton [Blue Refractor] #118,$2.50,,,,,,,,,,,,$2.79,,,,,,1,,,,,2014-06-01
2144465,Baseball Cards 2014 Bowman Chrome,Justin Upton [Bubbles Refractor] #118,$5.68,,,,,,,,,,,$1.30,$6.29,,,,,,1,,,,,2014-06-01
2144466,Baseball Cards 2014 Bowman Chrome,Justin Upton [Gold Refractor] #118,$11.74,,,$30.00,$33.00,,,,,,,$3.30,$12.99,,,,,,2,,,,,2014-06-01
2144467,Baseball Cards 2014 Bowman Chrome,Justin Upton [Green Refractor] #118,$8.59,,,,,,,,,,,$1.90,$9.49,,,,,,1,,,,,2014-06-01
2144468,Baseball Cards 2014 Bowman Chrome,Justin Upton [Purple Refractor] #118,$0.99,,,,,,,,,,,,$1.09,,,,,,1,,,,,2014-06-01
2144337,Baseball Cards 2014 Bowman Chrome,Justin Verlander #59,$1.50,,,$2.25,$2.00,$34.99,$45.00,$21.00,$21.00,,,,$1.69,,,,,,4,,,,,2014-06-01
3930117,Baseball Cards 2014 Bowman Chrome,Justin Verlander [Black Static Refractor] #59,$18.27,,,$19.19,$21.00,,,,,,,$5.00,$19.99,,,,,,2,,,,,
3930119,Baseball Cards 2014 Bowman Chrome,Justin Verlander [Blue Refractor] #59,$3.30,,,$19.50,$21.00,,,,,,,,$3.59,,,,,,3,,,,,
3930124,Baseball Cards 2014 Bowman Chrome,Justin Verlander [Bubbles Refractor] #59,$9.99,,,,,,,,,,,$2.80,$10.99,,,,,,1,,,,,
2144338,Baseball Cards 2014 Bowman Chrome,Justin Verlander [Gold Refractor] #59,$17.22,,,$39.99,$44.00,$76.00,$99.00,$46.00,$46.00,,,$4.80,$18.99,,,,,,3,,,,,2014-06-01
3930115,Baseball Cards 2014 Bowman Chrome,Justin Verlander [Green Refractor] #59,$13.50,,,,,,,,,,,$3.80,$14.99,,,,,,1,,,,,
2144339,Baseball Cards 2014 Bowman Chrome,Justin Verlander [Orange Refractor] #59,$8.50,,,$69.99,$77.00,,,,,,,$1.90,$9.39,,,,,,2,,,,,2014-06-01
3930120,Baseball Cards 2014 Bowman Chrome,Justin Verlander [Purple Refractor] #59,$3.25,,,,,,,,,,,,$3.59,,,,,,1,,,,,
3930121,Baseball Cards 2014 Bowman Chrome,Justin Verlander [Refractor] #59,$4.13,,,$29.99,$33.00,,,,,,,$0.90,$4.49,,,,,,4,,,,,
2144341,Baseball Cards 2014 Bowman Chrome,Justin Verlander [Shimmer Refractor] #59,$60.00,,,,,,,,,,,$26.40,$65.99,,,,,,1,,,,,2014-06-01
2144469,Baseball Cards 2014 Bowman Chrome,Khris Davis [Gold Refractor] #119,$3.93,,,,,,,,,,,$0.90,$4.29,,,,,,3,,,,,2014-06-01
2144212,Baseball Cards 2014 Bowman Chrome,Kolten Wong [Black Static Refractor] #20,$7.32,,,,,,,,,,,$1.60,$8.09,,,,,,1,,,,,2014-06-01
2144213,Baseball Cards 2014 Bowman Chrome,Kolten Wong [Blue Refractor] #20,$2.99,,,,,,,,,,,,$3.29,,,,,,1,,,,,2014-06-01
2144214,Baseball Cards 2014 Bowman Chrome,Kolten Wong [Bubbles Refractor] #20,$4.32,,,,,,,,,,,$1.00,$4.79,,,,,,1,,,,,2014-06-01
2144215,Baseball Cards 2014 Bowman Chrome,Kolten Wong [Green Refractor] #20,$9.99,,,$12.84,$14.00,,,,,,,$2.80,$10.99,,,,,,2,,,,,2014-06-01
2144216,Baseball Cards 2014 Bowman Chrome,Kolten Wong [Shimmer Refractor] #20,$14.61,,,,$48.51,$79.99,$104.00,$48.00,$48.00,,,$4.00,$15.99,,,,,,4,,,,,2014-06-01
6782187,Baseball Cards 2014 Bowman Chrome,Kyle Seager #201,$0.25,,,,,,,,,,,,$0.99,,,,,,0,,,,,
2144619,Baseball Cards 2014 Bowman Chrome,Kyle Seager [Bubbles Refractor] #201,$2.91,,,,,$19.50,$25.00,$12.00,$12.00,,,,$3.19,,,,,,5,,,,,2014-06-01
12448771,Baseball Cards 2014 Bowman Chrome,Luis Sardinas #11,$1.99,,,,,,,,,,,,$2.19,,,,,,13,,,,,
2144305,Baseball Cards 2014 Bowman Chrome,Madison Bumgarner [Black Static Refractor] #41,$5.95,,,,,,,,,,,$1.30,$6.59,,,,,,1,,,,,2014-06-01
2144306,Baseball Cards 2014 Bowman Chrome,Madison Bumgarner [Blue Refractor] #41,$2.27,,,,,,,,,,,,$2.49,,,,,,2,,,,,2014-06-01
2144307,Baseball Cards 2014 Bowman Chrome,Madison Bumgarner [Bubbles Refractor] #41,$4.59,,,,,,,,,,,$1.00,$5.09,,,,,,1,,,,,2014-06-01
2144308,Baseball Cards 2014 Bowman Chrome,Madison Bumgarner [Gold Refractor] #41,$17.19,,,,,$149.99,$195.00,$90.00,$90.00,,,$4.80,$18.99,,,,,,2,,,,,2014-06-01
2144309,Baseball Cards 2014 Bowman Chrome,Madison Bumgarner [Orange Refractor] #41,$40.45,,,,,,,,,,,$18.00,$44.99,,,,,,0,,,,,2014-06-01
2144310,Baseball Cards 2014 Bowman Chrome,Madison Bumgarner [Purple Refractor] #41,$6.99,,,,$9.99,,,,,,,$1.50,$7.69,,,,,,3,,,,,2014-06-01
2144311,Baseball Cards 2014 Bowman Chrome,Madison Bumgarner [Shimmer Refractor] #41,$6.95,,,,,,,,,,,$1.50,$7.69,,,,,,3,,,,,2014-06-01
2144485,Baseball Cards 2014 Bowman Chrome,Manny Machado #128,$1.20,,,$5.50,$6.00,$35.00,$46.00,$21.00,$21.00,,,,$1.29,,,,,,7,,,,,2014-06-01
2144486,Baseball Cards 2014 Bowman Chrome,Manny Machado [Black Static Refractor] #128,$15.51,,,,,,,,,,,$4.30,$16.99,,,,,,2,,,,,2014-06-01
2144487,Baseball Cards 2014 Bowman Chrome,Manny Machado [Blue Refractor] #128,$7.46,,,$32.75,$36.00,,,,,,,$1.60,$8.19,,,,,,5,,,,,2014-06-01
2144488,Baseball Cards 2014 Bowman Chrome,Manny Machado [Bubbles Refractor] #128,$18.65,,,,,,,,,,,$6.30,$20.99,,,,,,1,,,,,2014-06-01
2144489,Baseball Cards 2014 Bowman Chrome,Manny Machado [Carbon Fiber Refractor] #128,$40.60,,,$80.00,$88.00,,,,$35.00,,,$18.00,$44.99,,,,,,2,,,,,2014-06-01
2144490,Baseball Cards 2014 Bowman Chrome,Manny Machado [Gold Refractor] #128,$26.75,,,,,,,,,,,$8.70,$28.99,,,,,,1,,,,,2014-06-01
2144491,Baseball Cards 2014 Bowman Chrome,Manny Machado [Green Refractor] #128,$4.76,,,$20.00,$22.00,,,,,,,$1.00,$5.19,,,,,,3,,,,,2014-06-01
2144492,Baseball Cards 2014 Bowman Chrome,Manny Machado [Purple Refractor] #128,$8.28,,,$11.02,$12.00,,,,,,,$1.80,$9.09,,,,,,3,,,,,2014-06-01
2144493,Baseball Cards 2014 Bowman Chrome,Manny Machado [Refractor] #128,$4.66,,$0.99,,,$49.00,$64.00,$29.00,$29.00,,,$1.00,$5.09,,,,$1.09,,6,,,,,2014-06-01
2144494,Baseball Cards 2014 Bowman Chrome,Manny Machado [Shimmer Refractor] #128,$41.02,,,,,,,,,,,$18.00,$44.99,,,,,,1,,,,,2014-06-01
2144187,Baseball Cards 2014 Bowman Chrome,Marcus Semien #10,$1.99,,$6.67,$7.00,$22.85,$57.74,$75.00,$35.00,$35.00,,,,$2.19,,,$1.50,$7.29,,16,,,,,2014-06-01
2144189,Baseball Cards 2014 Bowman Chrome,Marcus Semien [Blue Refractor] #10,$22.00,,,$21.86,$69.99,,,,,,,$7.20,$23.99,,,,,,5,,,,,2014-06-01
2738773,Baseball Cards 2014 Bowman Chrome,Marcus Semien [Gold Refractor] #10,$141.64,,$89.00,$98.00,$97.00,$99.00,$129.00,$59.00,$59.00,,,$78.00,$156.00,,,$39.20,$97.99,,5,,,,,
2589268,Baseball Cards 2014 Bowman Chrome,Marcus Semien [Green Refractor] #10,$21.18,,,$46.50,$51.00,,,,,,,$6.90,$22.99,,,,,,4,,,,,
2144190,Baseball Cards 2014 Bowman Chrome,Marcus Semien [Refractor] #10,$4.38,,$8.33,$29.39,$37.00,$37.92,$49.00,$23.00,$23.00,,,$1.00,$4.79,,,$1.80,$9.19,,8,,,,,2014-06-01
2144566,Baseball Cards 2014 Bowman Chrome,Marlon Byrd [Blue Refractor] #162,$1.55,,,,,,,,,,,,$1.69,,,,,,1,,,,,2014-06-01
2144249,Baseball Cards 2014 Bowman Chrome,Masahiro Tanaka #30,$0.50,,,$9.99,$22.55,$25.21,$33.00,$15.00,$15.00,,,,$0.99,,,,,,8,,,,,2014-06-01
2144250,Baseball Cards 2014 Bowman Chrome,Masahiro Tanaka [Blue Refractor] #30,$3.71,,,$40.00,$44.00,,$30.00,,,,,$0.80,$4.09,,,,,,2,,,,,2014-06-01
2144251,Baseball Cards 2014 Bowman Chrome,Masahiro Tanaka [Bubbles Refractor] #30,$10.75,,,,,,,,,,,$3.00,$11.99,,,,,,1,,,,,2014-06-01
2144252,Baseball Cards 2014 Bowman Chrome,Masahiro Tanaka [Gold Refractor] #30,$50.00,,,$9.76,$11.00,,,,,,,$22.00,$54.99,,,,,,2,,,,,2014-06-01
2144253,Baseball Cards 2014 Bowman Chrome,Masahiro Tanaka [Green Refractor] #30,,,,,,,,,,,,,,,,,,,0,,,,,2014-06-01
11087972,Baseball Cards 2014 Bowman Chrome,Masahiro Tanaka [Orange Refractor] #30,$99.00,,,,,,,,,,,$54.50,$109.00,,,,,,1,,,,,
2144254,Baseball Cards 2014 Bowman Chrome,Masahiro Tanaka [Purple Refractor] #30,$1.25,,,,,,,,,,,,$1.39,,,,,,1,,,,,2014-06-01
2144255,Baseball Cards 2014 Bowman Chrome,Masahiro Tanaka [Refractor] #30,$5.00,,,,$29.00,,,,,,,$1.10,$5.49,,,,,,4,,,,,2014-06-01
6782115,Baseball Cards 2014 Bowman Chrome,Matt Adams #82,$2.99,,,,,,,,,,,,$3.29,,,,,,5,,,,,
12427150,Baseball Cards 2014 Bowman Chrome,Matt Cain #169,$2.99,,,,,,,,,,,,$3.29,,,,,,13,,,,,
12448790,Baseball Cards 2014 Bowman Chrome,Matt Carpenter #68,$1.79,,,,,,,,,,,,$1.99,,,,,,1,,,,,
2144364,Baseball Cards 2014 Bowman Chrome,Matt Carpenter [Bubbles Refractor] #68,$3.00,,,,,,,,,,,,$3.29,,,,,,3,,,,,2014-06-01
2144202,Baseball Cards 2014 Bowman Chrome,Matt Davidson #17,$1.69,,,$4.14,$5.00,,,,,,,,$1.89,,,,,,2,,,,,2014-06-01
2144203,Baseball Cards 2014 Bowman Chrome,Matt Davidson [Blue Refractor] #17,$1.09,,,,,,,,,,,,$1.19,,,,,,3,,,,,2014-06-01
12448789,Baseball Cards 2014 Bowman Chrome,Matt Garza #76,$1.81,,,,,,,,,,,,$1.99,,,,,,1,,,,,
13018637,Baseball Cards 2014 Bowman Chrome,Matt Holliday #174,,,,,,,,,,,,,,,,,,,0,,,,,
13018638,Baseball Cards 2014 Bowman Chrome,Matt Holliday [Refractor] #174,$2.25,,,,,,,,,,,,$2.49,,,,,,12,,,,,
2144544,Baseball Cards 2014 Bowman Chrome,Matt Kemp [Black Static Refractor] #156,$9.99,,,,,,,,,,,$2.80,$10.99,,,,,,1,,,,,2014-06-01
2144545,Baseball Cards 2014 Bowman Chrome,Matt Kemp [Blue Refractor] #156,$3.69,,,,,,,,,,,$0.80,$4.09,,,,,,4,,,,,2014-06-01
2144546,Baseball Cards 2014 Bowman Chrome,Matt Kemp [Carbon Fiber Refractor] #156,$20.00,,,$19.99,$22.00,,,,,,,$6.60,$21.99,,,,,,2,,,,,2014-06-01
2144288,Baseball Cards 2014 Bowman Chrome,Max Scherzer #36,$1.69,,,,,$408.97,$532.00,$245.00,$245.00,,,,$1.89,,,,,,4,,,,,2014-06-01
2144289,Baseball Cards 2014 Bowman Chrome,Max Scherzer [Black Static Refractor] #36,$55.00,,,,,,,,,,,$24.40,$60.99,,,,,,1,,,,,2014-06-01
2144290,Baseball Cards 2014 Bowman Chrome,Max Scherzer [Blue Refractor] #36,$9.99,,,,,,,,,,,$2.80,$10.99,,,,,,3,,,,,2014-06-01
2144291,Baseball Cards 2014 Bowman Chrome,Max Scherzer [Gold Refractor] #36,$18.46,,,,,$94.91,$123.00,$57.00,$57.00,,,$5.00,$19.99,,,,,,2,,,,,2014-06-01
2144292,Baseball Cards 2014 Bowman Chrome,Max Scherzer [Orange Refractor] #36,$4.21,,,$14.50,$16.00,$42.00,$55.00,$25.00,$25.00,,,$0.90,$4.59,,,,,,7,,,,,2014-06-01
2144293,Baseball Cards 2014 Bowman Chrome,Max Scherzer [Red Refractor] #36,$158.08,,,,,,,,,,,$87.00,$174.00,,,,,,1,,,,,2014-06-01
2263109,Baseball Cards 2014 Bowman Chrome,Mega Box,$110.00,,,,,,,,,,,$60.50,$121.00,,,,,,2,,,,,2014-06-01
6782189,Baseball Cards 2014 Bowman Chrome,Michael Brantley #202,$2.99,,,,,,,,,,,,$3.29,,,,,,4,,,,,
2144204,Baseball Cards 2014 Bowman Chrome,Michael Choice [Blue Refractor] #18,$1.79,,,,,,,,,,,,$1.99,,,,,,1,,,,,2014-06-01
2144205,Baseball Cards 2014 Bowman Chrome,Michael Choice [Refractor] #18,$1.23,,,,,,,,,,,,$1.39,,,,,,1,,,,,2014-06-01
12228315,Baseball Cards 2014 Bowman Chrome,Michael Choice [Silver Ice] #174,,,,,,,,,,,,,,,,,,,0,,,,,
5135257,Baseball Cards 2014 Bowman Chrome,Michael Feliz #bcp45,,,,,,,,,,,,,,,,,,,0,,,,,
10656090,Baseball Cards 2014 Bowman Chrome,Mike Napoli [Purple Refractor] #197,$3.28,,,,,,,,,,,,$3.59,,,,,,11,,,,,
2144607,Baseball Cards 2014 Bowman Chrome,Mike Napoli [Red Refractor] #197,$1.62,,,,,,,,,,,,$1.79,,,,,,3,,,,,2014-06-01
2144256,Baseball Cards 2014 Bowman Chrome,Mike Trout #31,$2.26,,$9.13,$14.99,$19.57,$21.50,$28.00,$13.00,$14.16,,,,$2.49,,,$2.00,$9.99,,36,,,,,2014-06-01
2144257,Baseball Cards 2014 Bowman Chrome,Mike Trout [Black Static Refractor] #31,$3.55,,,$288.25,$317.00,,,,,,,$0.80,$3.89,,,,,,2,,,,,2014-06-01
2144258,Baseball Cards 2014 Bowman Chrome,Mike Trout [Blue Refractor] #31,$34.75,,$37.11,$47.00,$52.00,$239.41,$311.00,$144.00,$144.00,,,$15.20,$37.99,,,$16.40,$40.99,,5,,,,,2014-06-01
2144259,Baseball Cards 2014 Bowman Chrome,Mike Trout [Bubbles Refractor] #31,$56.65,,,$404.90,$445.00,$486.00,$632.00,$292.00,$292.00,,,$24.80,$61.99,,,,,,3,,,,,2014-06-01
2144260,Baseball Cards 2014 Bowman Chrome,Mike Trout [Carbon Fiber Refractor] #31,,,,,,,,,,,,,,,,,,,0,,,,,2014-06-01
2144261,Baseball Cards 2014 Bowman Chrome,Mike Trout [Gold Refractor] #31,$109.50,,$111.50,$175.00,$193.00,,,,,,,$60.00,$120.00,,,$61.50,$123.00,,5,,,,,2014-06-01
2144262,Baseball Cards 2014 Bowman Chrome,Mike Trout [Green Refractor] #31,$329.99,,$39.00,$79.99,$88.00,,,,,,,$181.50,$363.00,,,$17.20,$42.99,,4,,,,,2014-06-01
2144263,Baseball Cards 2014 Bowman Chrome,Mike Trout [Orange Refractor] #31,$29.99,,,$193.50,$213.94,$699.00,$909.00,$419.00,$419.00,,,$9.90,$32.99,,,,,,4,,,,,2014-06-01
2144264,Baseball Cards 2014 Bowman Chrome,Mike Trout [Purple Refractor] #31,$25.00,,,$65.72,$72.00,,,,,,,$8.40,$27.99,,,,,,2,,,,,2014-06-01
2144265,Baseball Cards 2014 Bowman Chrome,Mike Trout [Red Refractor] #31,,,,,,,,,,,,,,,,,,,0,,,,,2014-06-01
2144266,Baseball Cards 2014 Bowman Chrome,Mike Trout [Refractor] #31,$11.18,,$16.78,$28.91,$139.52,$250.00,$325.00,$150.00,$150.00,,,$3.00,$11.99,,,$4.50,$17.99,,10,,,,,2014-06-01
2144267,Baseball Cards 2014 Bowman Chrome,Mike Trout [Shimmer Refractor] #31,,,,$1850.00,$2035.00,,,,,,,,,,,,,,1,,,,,2014-06-01
2144158,Baseball Cards 2014 Bowman Chrome,Nick Castellanos #2,$1.99,,$6.70,$16.92,$20.00,$20.00,$26.00,$12.00,$12.00,,,,$2.19,,,$1.50,$7.39,,12,,,,,2014-06-01
2144159,Baseball Cards 2014 Bowman Chrome,Nick Castellanos [Blue Refractor] #2,$4.94,,,,$27.00,,,,,,,$1.10,$5.39,,,,,,3,,,,,2014-06-01
2144160,Baseball Cards 2014 Bowman Chrome,Nick Castellanos [Bubbles Refractor] #2,$1.63,,,$20.75,$23.00,,,,,,,,$1.79,,,,,,2,,,,,2014-06-01
2144161,Baseball Cards 2014 Bowman Chrome,Nick Castellanos [Carbon Fiber Refractor] #2,$49.99,,,$379.99,$418.00,,,,,,,$22.00,$54.99,,,,,,2,,,,,2014-06-01
2144162,Baseball Cards 2014 Bowman Chrome,Nick Castellanos [Gold Refractor] #2,$4.99,,,$1.25,$100.00,,,,,,,$1.10,$5.49,,,,,,3,,,,,2014-06-01
2144163,Baseball Cards 2014 Bowman Chrome,Nick Castellanos [Green Refractor] #2,$6.26,,,,,,,,,,,$1.40,$6.89,,,,,,2,,,,,2014-06-01
2144164,Baseball Cards 2014 Bowman Chrome,Nick Castellanos [Purple Refractor] #2,$9.99,,,$15.50,$17.00,,,,,,,$2.80,$10.99,,,,,,3,,,,,2014-06-01
2144165,Baseball Cards 2014 Bowman Chrome,Nick Castellanos [Refractor] #2,$3.99,,$8.33,$29.95,$33.00,$68.38,$89.00,$41.00,$41.00,,,$0.90,$4.39,,,$1.80,$9.19,,11,,,,,2014-06-01
2144191,Baseball Cards 2014 Bowman Chrome,Oscar Taveras #12,$4.55,,$8.71,$10.00,$26.33,$38.82,$50.00,$23.00,$23.00,,,$1.00,$4.99,,,$1.90,$9.59,,7,,,,,2014-06-01
2144570,Baseball Cards 2014 Bowman Chrome,Pablo Sandoval #168,$0.99,,,,,,,,,,,,$1.09,,,,,,1,,,,,2014-06-01
2144571,Baseball Cards 2014 Bowman Chrome,Pablo Sandoval [Blue Refractor] #168,$2.46,,,,,,,,,,,,$2.69,,,,,,2,,,,,2014-06-01
2144572,Baseball Cards 2014 Bowman Chrome,Pablo Sandoval [Green Refractor] #168,$2.37,,,,,,,,,,,,$2.59,,,,,,3,,,,,2014-06-01
2144318,Baseball Cards 2014 Bowman Chrome,Paul Goldschmidt #44,$0.31,,,,,,,,,,,,$0.99,,,,,,3,,,,,2014-06-01
2144319,Baseball Cards 2014 Bowman Chrome,Paul Goldschmidt [Blue Refractor] #44,$4.00,,,,,,,,,,,$0.90,$4.39,,,,,,3,,,,,2014-06-01
2144320,Baseball Cards 2014 Bowman Chrome,Paul Goldschmidt [Bubbles Refractor] #44,$6.94,,$16.50,,,,,,,,,$1.50,$7.59,,,$4.50,$17.99,,2,,,,,2014-06-01
2144321,Baseball Cards 2014 Bowman Chrome,Paul Goldschmidt [Carbon Fiber Refractor] #44,,,$60.00,,,,,,,,,,,,,$26.40,$65.99,,1,,,,,2014-06-01
2144322,Baseball Cards 2014 Bowman Chrome,Paul Goldschmidt [Orange Refractor] #44,$16.99,,,,,,,,,,,$4.80,$18.99,,,,,,1,,,,,2014-06-01
2144323,Baseball Cards 2014 Bowman Chrome,Paul Goldschmidt [Purple Refractor] #44,$6.14,,,,,,,,,,,$1.40,$6.79,,,,,,2,,,,,2014-06-01
2144324,Baseball Cards 2014 Bowman Chrome,Paul Goldschmidt [Refractor] #44,$3.00,,,$7.50,$8.00,,,,,,,,$3.29,,,,,,5,,,,,2014-06-01
2144329,Baseball Cards 2014 Bowman Chrome,Pedro Alvarez [Gold Refractor] #47,$2.50,,$7.09,$12.72,$23.56,$34.97,$45.00,$21.00,$21.00,,,,$2.79,,,$1.60,$7.79,,6,,,,,2014-06-01
12448769,Baseball Cards 2014 Bowman Chrome,Prince Fielder #104,,,,,,,,,,,,,,,,,,,0,,,,,
2144438,Baseball Cards 2014 Bowman Chrome,Prince Fielder [Blue Refractor] #104,$2.25,,,,,,,,,,,,$2.49,,,,,,3,,,,,2014-06-01
2144439,Baseball Cards 2014 Bowman Chrome,Prince Fielder [Red Refractor] #104,,,,,,,,,,,,,,,,,,,0,,,,,2014-06-01
2263106,Baseball Cards 2014 Bowman Chrome,Retail Box,,,,,,,,,,,,,,,,,,,0,,,,,2014-06-01
2144450,Baseball Cards 2014 Bowman Chrome,Robinson Cano [Black Static Refractor] #116,$25.55,,,,,,,,,,,$8.40,$27.99,,,,,,0,,,,,2014-06-01
2144451,Baseball Cards 2014 Bowman Chrome,Robinson Cano [Shimmer Refractor] #116,$2.06,,,,,,,,,,,,$2.29,,,,,,3,,,,,2014-06-01
2144239,Baseball Cards 2014 Bowman Chrome,Roenis Elias [Purple Refractor] #28,$2.36,,,,,,,,,,,,$2.59,,,,,,5,,,,,2014-06-01
2144223,Baseball Cards 2014 Bowman Chrome,Rougned Odor #23,$2.34,,,,,,,,,,,,$2.59,,,,,,1,,,,,2014-06-01
2144224,Baseball Cards 2014 Bowman Chrome,Rougned Odor [Black Static Refractor] #23,,,,$34.99,$38.00,,,,,,,,,,,,,,1,,,,,2014-06-01
2144225,Baseball Cards 2014 Bowman Chrome,Rougned Odor [Blue Refractor] #23,$0.99,,,,,,,,,,,,$1.09,,,,,,4,,,,,2014-06-01
2144226,Baseball Cards 2014 Bowman Chrome,Rougned Odor [Bubbles Refractor] #23,$2.00,,,,,,,,,,,,$2.19,,,,,,1,,,,,2014-06-01
2144227,Baseball Cards 2014 Bowman Chrome,Rougned Odor [Carbon Fiber Refractor] #23,,,,,,,,,,,,,,,,,,,0,,,,,2014-06-01
2144228,Baseball Cards 2014 Bowman Chrome,Rougned Odor [Gold Refractor] #23,$4.49,,,,$20.89,,$30.00,,,,,$1.00,$4.89,,,,,,2,,,,,2014-06-01
2144229,Baseball Cards 2014 Bowman Chrome,Rougned Odor [Orange Refractor] #23,$129.99,,,,$29.99,,,,,,,$71.50,$143.00,,,,,,1,,,,,2014-06-01
2144230,Baseball Cards 2014 Bowman Chrome,Rougned Odor [Shimmer Refractor] #23,$2.99,,,$39.99,$44.00,$48.00,$62.00,$29.00,$29.00,,,,$3.29,,,,,,3,,,,,2014-06-01
2144365,Baseball Cards 2014 Bowman Chrome,Ryan Braun [Shimmer Refractor] #69,$2.75,,,,,,,,,,,,$2.99,,,,,,3,,,,,2014-06-01
2144473,Baseball Cards 2014 Bowman Chrome,Ryan Howard [Blue Refractor] #122,$3.99,,,,,,,,,,,$0.90,$4.39,,,,,,3,,,,,2014-06-01
2144423,Baseball Cards 2014 Bowman Chrome,Ryan Zimmerman [Gold Refractor] #92,$4.31,,,,,,,,,,,$0.90,$4.69,,,,,,4,,,,,2014-06-01
2144268,Baseball Cards 2014 Bowman Chrome,Salvador Perez [Black Static Refractor] #32,$0.99,,,,,,,,,,,,$1.09,,,,,,1,,,,,2014-06-01
2144269,Baseball Cards 2014 Bowman Chrome,Salvador Perez [Blue Refractor] #32,$8.00,,,$31.00,$34.00,,,,,,,$1.80,$8.79,,,,,,5,,,,,2014-06-01
2144270,Baseball Cards 2014 Bowman Chrome,Salvador Perez [Bubbles Refractor] #32,$3.99,,,$20.00,$22.00,,,,,,,$0.90,$4.39,,,,,,4,,,,,2014-06-01
2144271,Baseball Cards 2014 Bowman Chrome,Salvador Perez [Gold Refractor] #32,$18.90,,,,,,,,,,,$6.30,$20.99,,,,,,1,,,,,2014-06-01
2144272,Baseball Cards 2014 Bowman Chrome,Salvador Perez [Orange Refractor] #32,,,,,,$125.00,$163.00,$75.00,$75.00,,,,,,,,,,1,,,,,2014-06-01
6782210,Baseball Cards 2014 Bowman Chrome,Scott Kazmir #214,$2.13,,,,,,,,,,,,$2.29,,,,,,8,,,,,
6782186,Baseball Cards 2014 Bowman Chrome,Shane Victorino #191,$1.29,,,,,,,,,,,,$1.39,,,,,,2,,,,,
2144598,Baseball Cards 2014 Bowman Chrome,Shane Victorino [Blue Refractor] #191,$2.99,,$7.32,$13.02,$23.96,$35.50,$46.00,$21.00,$21.00,,,,$3.29,,,$1.60,$8.09,,8,,,,,2014-06-01
6782110,Baseball Cards 2014 Bowman Chrome,Sonny Gray #67,$4.75,,,,,,,,,,,$1.00,$5.19,,,,,,1,,,,,
11552779,Baseball Cards 2014 Bowman Chrome,Sonny Gray [Bubble Refractor] #67,$5.51,,,,,,,,,,,$1.20,$6.09,,,,,,7,,,,,
2144363,Baseball Cards 2014 Bowman Chrome,Sonny Gray [Gold Refractor] #67,$2.62,,,$9.50,$10.00,,,,,,,,$2.89,,,,,,5,,,,,2014-06-01
6782105,Baseball Cards 2014 Bowman Chrome,Starlin Castro #61,$0.99,,,,,,,,,,,,$1.09,,,,,,1,,,,,
2144349,Baseball Cards 2014 Bowman Chrome,Starlin Castro [Black Static Refractor] #61,$3.13,,,,,,,,,,,,$3.39,,,,,,1,,,,,2014-06-01
2144350,Baseball Cards 2014 Bowman Chrome,Starlin Castro [Carbon Fiber Refractor] #61,$4.71,,$8.93,$15.13,$26.70,$39.35,$51.00,$24.00,$24.00,,,$1.00,$5.19,,,$2.00,$9.79,,6,,,,,2014-06-01
2144366,Baseball Cards 2014 Bowman Chrome,Starling Marte [Black Static Refractor] #70,$0.99,,,$7.50,$8.00,,,,,,,,$1.09,,,,,,2,,,,,2014-06-01
2144367,Baseball Cards 2014 Bowman Chrome,Starling Marte [Purple Refractor] #70,$2.26,,,,,,,,,,,,$2.49,,,,,,0,,,,,2014-06-01
2144368,Baseball Cards 2014 Bowman Chrome,Starling Marte [Refractor] #70,$3.24,,,,$15.00,,,,,,,,$3.59,,,,,,3,,,,,2014-06-01
2144281,Baseball Cards 2014 Bowman Chrome,Stephen Strasburg #35,$1.59,,,,,$29.99,$39.00,$18.00,$18.00,,,,$1.79,,,,,,2,,,,,2014-06-01
2144282,Baseball Cards 2014 Bowman Chrome,Stephen Strasburg [Blue Refractor] #35,$0.99,,,,,,,,,,,,$1.09,,,,,,1,,,,,2014-06-01
2144283,Baseball Cards 2014 Bowman Chrome,Stephen Strasburg [Green Refractor] #35,$3.25,,,,,,,,,,,,$3.59,,,,,,1,,,,,2014-06-01
2144284,Baseball Cards 2014 Bowman Chrome,Stephen Strasburg [Orange Refractor] #35,$11.39,,,,,,,,,,,$3.30,$12.99,,,,,,1,,,,,2014-06-01
2144285,Baseball Cards 2014 Bowman Chrome,Stephen Strasburg [Red Refractor] #35,,,,,,,,,,,,,,,,,,,0,,,,,2014-06-01
2144286,Baseball Cards 2014 Bowman Chrome,Stephen Strasburg [Refractor] #35,$2.29,,,,,$32.00,$42.00,$19.00,$19.00,,,,$2.49,,,,,,3,,,,,2014-06-01
2144287,Baseball Cards 2014 Bowman Chrome,Stephen Strasburg [Shimmer Refractor] #35,$49.95,,,,,,,,,,,$22.00,$54.99,,,,,,1,,,,,2014-06-01
2144217,Baseball Cards 2014 Bowman Chrome,Taijuan Walker #21,$1.69,,,,,$12.95,$17.00,$8.00,$8.00,,,,$1.89,,,,,,3,,,,,2014-06-01
2144218,Baseball Cards 2014 Bowman Chrome,Taijuan Walker [Bubbles Refractor] #21,$1.25,,$6.09,$11.43,$13.00,$32.59,$42.00,$20.00,$20.00,,,,$1.39,,,$1.30,$6.69,,7,,,,,2014-06-01
2144219,Baseball Cards 2014 Bowman Chrome,Taijuan Walker [Gold Refractor] #21,$6.28,,,,,,,,,,,$1.40,$6.89,,,,,,1,,,,,2014-06-01
2144186,Baseball Cards 2014 Bowman Chrome,Travis D'Arnaud #9,$1.24,,$6.03,$11.35,$21.76,$32.45,$42.00,$19.00,$19.00,,,,$1.39,,,$1.30,$6.59,,7,,,,,2014-06-01
3739169,Baseball Cards 2014 Bowman Chrome,Travis D'Arnaud [Gold Refractor] #9,$3.51,,,$22.95,$25.00,,,,,,,$0.80,$3.89,,,,,,9,,,,,
7880750,Baseball Cards 2014 Bowman Chrome,Trevor Rosenthal #187,$0.25,,,,,,,,,,,,$0.99,,,,,,0,,,,,
2144593,Baseball Cards 2014 Bowman Chrome,Trevor Rosenthal [Green Refractor] #187,$2.78,,,,,,,,,,,,$3.09,,,,,,1,,,,,2014-06-01
2144594,Baseball Cards 2014 Bowman Chrome,Trevor Rosenthal [Orange Refractor] #187,$1.89,,,,,,,,,,,,$2.09,,,,,,1,,,,,2014-06-01
2144333,Baseball Cards 2014 Bowman Chrome,Troy Tulowitzki [Carbon Fiber Refractor] #54,,,,,,,,,,,,,,,,,,,0,,,,,2014-06-01
2144334,Baseball Cards 2014 Bowman Chrome,Troy Tulowitzki [Red Refractor] #54,,,,,,,,,,,,,,,,,,,0,,,,,2014-06-01
2144335,Baseball Cards 2014 Bowman Chrome,Troy Tulowitzki [Shimmer Refractor] #54,$3.57,,$8.00,$35.00,$36.00,$37.11,$48.00,$22.00,$22.00,,,$0.80,$3.89,,,$1.80,$8.79,,7,,,,,2014-06-01
6782179,Baseball Cards 2014 Bowman Chrome,Tyson Ross #164,$3.42,,,,,,,,,,,$0.80,$3.79,,,,,,12,,,,,
6782195,Baseball Cards 2014 Bowman Chrome,Victor Martinez #206,$1.39,,,,,,,,,,,,$1.49,,,,,,4,,,,,
2144623,Baseball Cards 2014 Bowman Chrome,Victor Martinez [Green Refractor] #206,$3.01,,,,,$60.00,$78.00,$36.00,$36.00,,,,$3.29,,,,,,5,,,,,2014-06-01
2144524,Baseball Cards 2014 Bowman Chrome,Wil Myers [Refractor] #145,$1.07,,,,,,,,,,,,$1.19,,,,,,1,,,,,2014-06-01
6782175,Baseball Cards 2014 Bowman Chrome,Wilin Rosario #153,$0.25,,,,,,,,,,,,$0.99,,,,,,0,,,,,
2144539,Baseball Cards 2014 Bowman Chrome,Wilin Rosario [Gold Refractor] #153,$3.12,,,,,,,,,,,,$3.39,,,,,,2,,,,,2014-06-01
9285819,Baseball Cards 2014 Bowman Chrome,Wilson Ramos #179,$1.00,,,,,,,,,,,,$1.09,,,,,,3,,,,,
2144149,Baseball Cards 2014 Bowman Chrome,Xander Bogaerts #1,$1.75,,$5.00,$13.75,$22.49,$95.00,$124.00,$57.00,$57.00,,,,$1.89,,,$1.10,$5.49,,9,,,,,2014-06-01
2144150,Baseball Cards 2014 Bowman Chrome,Xander Bogaerts [Black Static Refractor] #1,$6.76,,,$36.79,$40.00,,,,,,,$1.50,$7.39,,,,,,2,,,,,2014-06-01
2144151,Baseball Cards 2014 Bowman Chrome,Xander Bogaerts [Blue Refractor] #1,$1.25,$4.88,,$39.64,$44.00,,,,,,,,$1.39,$1.10,$5.39,,,,5,,,,,2014-06-01
2144152,Baseball Cards 2014 Bowman Chrome,Xander Bogaerts [Bubbles Refractor] #1,$34.00,,$7.50,,$54.00,,,,,,,$14.80,$36.99,,,$1.70,$8.29,,3,,,,,2014-06-01
2144153,Baseball Cards 2014 Bowman Chrome,Xander Bogaerts [Gold Refractor] #1,$26.59,,,,,,,,,,,$8.70,$28.99,,,,,,1,,,,,2014-06-01
2144154,Baseball Cards 2014 Bowman Chrome,Xander Bogaerts [Green Refractor] #1,$87.50,,,,$125.00,,,,,,,$38.40,$95.99,,,,,,2,,,,,2014-06-01
2144155,Baseball Cards 2014 Bowman Chrome,Xander Bogaerts [Refractor] #1,$6.00,,$2.25,$40.43,$147.00,$150.00,$195.00,$90.00,$90.00,,,$1.30,$6.59,,,,$2.49,,10,,,,,2014-06-01
2144156,Baseball Cards 2014 Bowman Chrome,Xander Bogaerts [Rookie White Jersey] #1,$2.75,,$6.59,$12.99,$14.00,$112.50,$146.00,$68.00,$68.00,,,,$2.99,,,$1.50,$7.29,,18,,,,,2014-06-01
2144157,Baseball Cards 2014 Bowman Chrome,Xander Bogaerts [Shimmer Refractor] #1,,,,$50.00,$55.00,$229.99,$299.00,$138.00,$138.00,,,,,,,,,,2,,,,,2014-06-01
2144525,Baseball Cards 2014 Bowman Chrome,YU Darvish #146,$2.00,,,,,,,,,,,,$2.19,,,,,,1,,,,,2014-06-01
2144526,Baseball Cards 2014 Bowman Chrome,YU Darvish [Black Static Refractor] #146,$5.99,,,$12.50,$14.00,,,,,,,$1.30,$6.59,,,,,,2,,,,,2014-06-01
2144527,Baseball Cards 2014 Bowman Chrome,YU Darvish [Blue Refractor] #146,$1.67,,,,,,,,,,,,$1.79,,,,,,2,,,,,2014-06-01
2144528,Baseball Cards 2014 Bowman Chrome,YU Darvish [Purple Refractor] #146,$2.99,,,,,,,,,,,,$3.29,,,,,,1,,,,,2014-06-01
2144529,Baseball Cards 2014 Bowman Chrome,YU Darvish [Refractor] #146,$5.02,,,,,,,,,,,$1.10,$5.49,,,,,,4,,,,,2014-06-01
2144340,Baseball Cards 2014 Bowman Chrome,Yadier Molina [Black Static Refractor] #60,$35.69,,,,,,,,,,,$15.60,$38.99,,,,,,1,,,,,2014-06-01
2144342,Baseball Cards 2014 Bowman Chrome,Yadier Molina [Blue Refractor] #60,$4.91,$12.01,,,,$60.00,$78.00,$36.00,$36.00,,,$1.10,$5.39,$3.30,$12.99,,,,4,,,,,2014-06-01
2144343,Baseball Cards 2014 Bowman Chrome,Yadier Molina [Bubbles Refractor] #60,$3.84,,,,,$31.00,$40.00,$19.00,$19.00,,,$0.80,$4.19,,,,,,2,,,,,2014-06-01
2144344,Baseball Cards 2014 Bowman Chrome,Yadier Molina [Gold Refractor] #60,$41.00,,,,,$152.50,$198.00,$92.00,$92.00,,,$18.00,$44.99,,,,,,2,,,,,2014-06-01
2144345,Baseball Cards 2014 Bowman Chrome,Yadier Molina [Green Refractor] #60,,,,,,$313.60,$408.00,$188.00,$188.00,,,,,,,,,,1,,,,,2014-06-01
2144346,Baseball Cards 2014 Bowman Chrome,Yadier Molina [Purple Refractor] #60,$7.33,,,$41.00,$45.00,$70.87,$92.00,$43.00,$43.00,,,$1.60,$8.09,,,,,,5,,,,,2014-06-01
2144347,Baseball Cards 2014 Bowman Chrome,Yadier Molina [Refractor] #60,$5.50,,,,,$51.90,$67.00,$31.00,$31.00,,,$1.20,$6.09,,,,,,2,,,,,2014-06-01
2144348,Baseball Cards 2014 Bowman Chrome,Yadier Molina [Shimmer Refractor] #60,$26.00,,,,,,,,,,,$8.70,$28.99,,,,,,1,,,,,2014-06-01
2144177,Baseball Cards 2014 Bowman Chrome,Yangervis Solarte [Blue Refractor] #6,$2.49,,,,,,,,,,,,$2.69,,,,,,1,,,,,2014-06-01
2144178,Baseball Cards 2014 Bowman Chrome,Yangervis Solarte [Orange Refractor] #6,$2.99,,,,,,,,,,,,$3.29,,,,,,2,,,,,2014-06-01
2144557,Baseball Cards 2014 Bowman Chrome,Yasiel Puig #159,$1.11,,$5.93,$11.21,$13.00,$14.00,$18.00,$8.00,$8.00,,,,$1.19,,,$1.30,$6.49,,8,,,,,2014-06-01
2144558,Baseball Cards 2014 Bowman Chrome,Yasiel Puig [Blue Refractor] #159,$1.69,,,,,,,,,,,,$1.89,,,,,,1,,,,,2014-06-01
2144559,Baseball Cards 2014 Bowman Chrome,Yasiel Puig [Bubbles Refractor] #159,$5.00,,,,,,,,,,,$1.10,$5.49,,,,,,1,,,,,2014-06-01
2144560,Baseball Cards 2014 Bowman Chrome,Yasiel Puig [Carbon Fiber Refractor] #159,$23.54,,,,,,,,,,,$7.80,$25.99,,,,,,1,,,,,2014-06-01
2144561,Baseball Cards 2014 Bowman Chrome,Yasiel Puig [Gold Refractor] #159,$5.99,,,,,,,,,,,$1.30,$6.59,,,,,,1,,,,,2014-06-01
2144562,Baseball Cards 2014 Bowman Chrome,Yasiel Puig [Purple Refractor] #159,$2.22,,,,,,,,,,,,$2.39,,,,,,1,,,,,2014-06-01
2144563,Baseball Cards 2014 Bowman Chrome,Yasiel Puig [Refractor] #159,$3.00,,,,,,$12.50,,,,,,$3.29,,,,,,1,,,,,2014-06-01
9285815,Baseball Cards 2014 Bowman Chrome,Yoenis Cespedes #143,$0.25,,,,,,,,,,,,$0.99,,,,,,0,,,,,
4214893,Baseball Cards 2014 Bowman Chrome,Yoenis Cespedes [Green Refractor] #143,$2.54,,,,,,,,,,,,$2.79,,,,,,3,,,,,
2144199,Baseball Cards 2014 Bowman Chrome,Yordano Ventura [Gold Refractor] #16,$6.80,,,,,,,,,,,$1.50,$7.49,,,,,,1,,,,,2014-06-01
2153130,Baseball Cards 2014 Bowman Chrome,Yordano Ventura [Green Refractor] #16,$9.85,,,,,,,,,,,$2.80,$10.99,,,,,,0,,,,,2014-06-01
2144200,Baseball Cards 2014 Bowman Chrome,Yordano Ventura [Purple Refractor] #16,$4.21,,,,,,,,,,,$0.90,$4.59,,,,,,1,,,,,2014-06-01
2144201,Baseball Cards 2014 Bowman Chrome,Yordano Ventura [Refractor] #16,$6.96,,,,,,,,,,,$1.50,$7.69,,,,,,4,,,,,2014-06-01
2144336,Baseball Cards 2014 Bowman Chrome,Yovani Gallardo [Blue Refractor] #58,$1.40,,,,,,,,,,,,$1.49,,,,,,3,,,,,2014-06-01
8835103,Baseball Cards 2014 Bowman Chrome,Yovani Gallardo [Orange Refractor] #58,$2.84,,,,,,,,,,,,$3.09,,,,,,11,,,,,
2144564,Baseball Cards 2014 Bowman Chrome,Zack Greinke [Bubbles Refractor] #160,$4.25,,$8.54,$14.63,$26.05,$38.44,$50.00,$23.00,$23.00,,,$0.90,$4.69,,,$1.90,$9.39,,6,,,,,2014-06-01
2144565,Baseball Cards 2014 Bowman Chrome,Zack Greinke [Orange Refractor] #160,,,,,,,,,,,,,,,,,,,0,,,,,2014-06-01
2144424,Baseball Cards 2014 Bowman Chrome,Zack Wheeler [Blue Refractor] #98,$5.50,,,,,,,,,,,$1.20,$6.09,,,,,,2,,,,,2014-06-01
2144425,Baseball Cards 2014 Bowman Chrome,Zack Wheeler [Bubbles Refractor] #98,$3.40,,,,,,,,,,,,$3.69,,,,,,5,,,,,2014-06-01
2144426,Baseball Cards 2014 Bowman Chrome,Zack Wheeler [Orange Refractor] #98,$19.99,,,,$6.50,,,,,,,$6.60,$21.99,,,,,,2,,,,,2014-06-01
